,roe,ratio1,ratio2,ratio3,ratio4,ratio5,ratio6,ratio7,ratio8,ratio9,ratio10,ratio11,ev,type1,type2,type3,type4,type5
1,1,0.87 ,54.77 ,107.72 ,45.23 ,92.30 ,0.07 ,0.63 ,158.04 ,6.90 ,8.24 ,23.02 ,2627326.58 ,0.00 ,1.00 ,0.00 ,0.00 ,0.00 
2,1,1.09 ,57.48 ,109.84 ,42.52 ,90.49 ,0.26 ,0.73 ,197.07 ,9.48 ,11.05 ,33.28 ,150028.63 ,0.00 ,0.00 ,0.00 ,0.00 ,0.00 
3,1,1.01 ,58.22 ,107.99 ,41.78 ,92.05 ,0.14 ,0.26 ,183.37 ,7.66 ,8.69 ,34.10 ,168341.24 ,0.00 ,0.00 ,0.00 ,0.00 ,0.00 
4,1,1.04 ,55.31 ,109.49 ,44.69 ,91.46 ,0.24 ,1.15 ,190.65 ,8.25 ,9.09 ,30.39 ,156873.14 ,0.00 ,0.00 ,0.00 ,0.00 ,0.00 
5,1,1.05 ,63.17 ,107.96 ,36.83 ,91.61 ,0.20 ,0.37 ,211.14 ,6.96 ,9.15 ,32.61 ,172680.74 ,0.00 ,0.00 ,0.00 ,0.00 ,0.00 
6,0,0.40 ,77.23 ,110.04 ,22.77 ,92.68 ,0.09 ,0.40 ,347.96 ,6.09 ,7.88 ,31.20 ,388441.80 ,0.00 ,1.00 ,0.00 ,0.00 ,0.00 
7,0,0.90 ,56.89 ,106.86 ,43.11 ,92.39 ,0.17 ,0.38 ,207.81 ,7.41 ,8.06 ,38.57 ,211643.85 ,0.00 ,0.00 ,0.00 ,0.00 ,0.00 
8,0,0.48 ,78.84 ,104.09 ,21.16 ,91.61 ,0.03 ,0.22 ,378.76 ,7.00 ,8.23 ,30.34 ,398973.11 ,0.00 ,0.00 ,0.00 ,0.00 ,0.00 
9,1,1.08 ,50.03 ,122.58 ,49.97 ,90.78 ,0.53 ,0.56 ,155.70 ,7.96 ,9.34 ,30.97 ,200454.19 ,0.00 ,0.00 ,0.00 ,0.00 ,0.00 
10,1,0.71 ,58.09 ,106.36 ,41.91 ,93.33 ,0.04 ,0.30 ,193.55 ,6.00 ,7.52 ,34.29 ,333402.40 ,0.00 ,1.00 ,0.00 ,0.00 ,0.00 
11,0,0.66 ,62.24 ,105.96 ,37.76 ,92.79 ,0.04 ,0.40 ,222.52 ,7.18 ,8.42 ,28.78 ,381224.36 ,0.00 ,1.00 ,0.00 ,0.00 ,0.00 
12,0,0.60 ,73.14 ,109.80 ,26.86 ,93.09 ,0.04 ,0.48 ,264.30 ,5.69 ,6.99 ,34.97 ,479958.91 ,0.00 ,1.00 ,0.00 ,0.00 ,0.00 
13,1,1.26 ,61.82 ,114.09 ,38.18 ,91.62 ,0.21 ,0.45 ,226.27 ,7.97 ,9.31 ,38.58 ,271756.55 ,0.00 ,0.00 ,0.00 ,0.00 ,0.00 
14,1,0.82 ,65.18 ,109.15 ,34.82 ,92.97 ,0.09 ,0.91 ,221.64 ,5.72 ,7.95 ,26.36 ,467555.78 ,0.00 ,1.00 ,0.00 ,0.00 ,0.00 
15,1,1.00 ,58.10 ,118.00 ,41.90 ,92.29 ,0.06 ,0.88 ,169.81 ,7.01 ,8.78 ,32.76 ,495184.96 ,0.00 ,1.00 ,0.00 ,0.00 ,0.00 
16,1,0.96 ,53.17 ,104.57 ,46.83 ,92.48 ,0.05 ,0.96 ,171.86 ,6.79 ,8.24 ,25.25 ,618191.08 ,0.00 ,1.00 ,0.00 ,0.00 ,0.00 
17,1,1.08 ,56.47 ,108.50 ,43.53 ,90.92 ,0.07 ,0.89 ,203.56 ,8.41 ,9.74 ,26.80 ,587227.38 ,0.00 ,1.00 ,0.00 ,0.00 ,0.00 
18,1,1.02 ,61.85 ,109.76 ,38.15 ,93.13 ,0.06 ,0.58 ,206.86 ,6.17 ,7.77 ,28.30 ,854871.29 ,0.00 ,1.00 ,0.00 ,0.00 ,0.00 
19,0,0.48 ,81.38 ,88.58 ,18.62 ,91.10 ,0.03 ,0.76 ,436.51 ,7.24 ,9.19 ,22.99 ,533187.84 ,0.00 ,1.00 ,0.00 ,0.00 ,0.00 
20,0,0.88 ,59.95 ,108.46 ,40.05 ,91.49 ,0.07 ,1.63 ,219.76 ,8.13 ,9.16 ,31.84 ,1217248.56 ,0.00 ,0.00 ,0.00 ,0.00 ,0.00 
21,1,0.86 ,60.54 ,109.44 ,39.46 ,93.90 ,0.05 ,0.58 ,175.79 ,4.84 ,6.85 ,29.64 ,1550533.00 ,0.00 ,1.00 ,0.00 ,0.00 ,0.00 
22,1,1.12 ,46.64 ,108.61 ,53.36 ,91.75 ,0.15 ,0.53 ,151.83 ,8.12 ,8.99 ,30.43 ,1182767.01 ,0.00 ,0.00 ,0.00 ,0.00 ,0.00 
23,0,0.65 ,74.06 ,99.43 ,25.94 ,93.67 ,0.05 ,0.52 ,297.28 ,5.29 ,7.16 ,27.46 ,2472834.87 ,0.00 ,0.00 ,0.00 ,0.00 ,1.00 
24,1,1.14 ,51.15 ,128.67 ,48.85 ,92.34 ,0.09 ,1.13 ,124.06 ,6.16 ,7.82 ,29.75 ,1934443.99 ,0.00 ,1.00 ,0.00 ,0.00 ,0.00 
25,1,1.15 ,56.13 ,112.35 ,43.87 ,92.88 ,0.06 ,0.56 ,148.42 ,6.34 ,8.18 ,37.29 ,2249624.52 ,0.00 ,1.00 ,0.00 ,0.00 ,0.00 
26,0,0.84 ,59.35 ,104.56 ,40.65 ,90.83 ,0.07 ,0.77 ,190.45 ,6.86 ,10.15 ,26.55 ,3029499.26 ,0.00 ,1.00 ,0.00 ,0.00 ,0.00 
27,1,1.17 ,53.70 ,108.77 ,46.30 ,92.77 ,0.07 ,1.31 ,160.18 ,5.76 ,8.08 ,24.52 ,2738532.71 ,0.00 ,1.00 ,0.00 ,0.00 ,0.00 
28,0,0.89 ,64.08 ,107.52 ,35.92 ,91.71 ,0.06 ,0.57 ,221.22 ,6.79 ,8.84 ,30.13 ,3541281.48 ,0.00 ,0.00 ,0.00 ,0.00 ,1.00 
29,0,0.52 ,73.74 ,104.48 ,26.26 ,91.55 ,0.06 ,0.43 ,289.11 ,7.15 ,8.82 ,35.61 ,6584920.12 ,0.00 ,0.00 ,0.00 ,0.00 ,1.00 
30,0,0.92 ,63.08 ,105.29 ,36.92 ,91.91 ,0.06 ,0.18 ,203.08 ,6.37 ,8.58 ,27.88 ,5753101.71 ,0.00 ,0.00 ,0.00 ,0.00 ,1.00 
31,1,1.12 ,68.05 ,109.92 ,31.95 ,91.83 ,0.08 ,0.67 ,227.29 ,6.80 ,8.78 ,27.45 ,5028174.88 ,0.00 ,0.00 ,0.00 ,0.00 ,1.00 
32,0,0.67 ,70.17 ,104.21 ,29.83 ,91.88 ,0.04 ,0.36 ,238.06 ,6.86 ,8.69 ,27.89 ,7732345.82 ,0.00 ,0.00 ,0.00 ,0.00 ,1.00 
33,0,0.89 ,65.32 ,106.72 ,34.68 ,91.98 ,0.07 ,0.25 ,205.20 ,6.66 ,8.51 ,30.53 ,7699901.63 ,0.00 ,0.00 ,0.00 ,0.00 ,1.00 
34,1,0.69 ,72.78 ,103.80 ,27.22 ,94.13 ,0.69 ,0.02 ,299.45 ,4.84 ,6.52 ,61.41 ,13403911.85 ,1.00 ,0.00 ,0.00 ,0.00 ,0.00 
35,1,1.19 ,52.26 ,109.07 ,47.74 ,91.83 ,0.09 ,0.21 ,136.76 ,7.22 ,8.77 ,29.16 ,8371196.95 ,0.00 ,0.00 ,0.00 ,0.00 ,1.00 
36,0,0.80 ,64.11 ,105.99 ,35.89 ,92.03 ,0.18 ,0.50 ,173.03 ,6.65 ,8.91 ,28.14 ,11869781.36 ,1.00 ,0.00 ,0.00 ,0.00 ,0.00 
37,1,1.70 ,52.10 ,110.23 ,47.90 ,90.59 ,0.62 ,0.22 ,132.17 ,8.09 ,10.17 ,32.88 ,9828030.31 ,0.00 ,0.00 ,0.00 ,0.00 ,1.00 
38,0,1.02 ,53.93 ,109.23 ,46.07 ,91.12 ,0.17 ,0.39 ,161.87 ,7.58 ,9.59 ,27.88 ,26204377.29 ,1.00 ,0.00 ,0.00 ,0.00 ,0.00 
39,1,0.97 ,57.54 ,110.45 ,42.46 ,92.12 ,0.15 ,0.35 ,192.66 ,6.48 ,9.07 ,31.63 ,31710090.70 ,1.00 ,0.00 ,0.00 ,0.00 ,0.00 
40,1,1.18 ,53.56 ,110.12 ,46.44 ,91.68 ,0.21 ,0.25 ,168.33 ,7.86 ,9.45 ,25.92 ,31911239.99 ,1.00 ,0.00 ,0.00 ,0.00 ,0.00 
41,1,1.13 ,54.21 ,107.28 ,45.79 ,91.13 ,0.40 ,0.04 ,164.16 ,8.03 ,10.05 ,25.01 ,36066396.06 ,1.00 ,0.00 ,0.00 ,0.00 ,0.00 
42,0,-1.54 ,-325.59 ,-28.99 ,425.59 ,100.34 ,-0.26 ,0.00 ,39.76 ,-0.30 ,-0.33 ,-272.64 ,10326.55 ,0.00 ,0.00 ,0.00 ,0.00 ,0.00 
43,0,-2.24 ,172.32 ,73.10 ,-72.32 ,93.26 ,-0.57 ,0.27 ,-96.11 ,6.74 ,6.73 ,52.38 ,16504.53 ,0.00 ,0.00 ,0.00 ,0.00 ,0.00 
44,0,-1.31 ,-70.37 ,83.02 ,170.37 ,93.05 ,-1.33 ,0.00 ,74.64 ,7.01 ,7.01 ,-78.74 ,206719.55 ,0.00 ,1.00 ,0.00 ,0.00 ,0.00 
45,0,-0.58 ,145.01 ,91.25 ,-45.01 ,93.69 ,-0.17 ,0.22 ,-181.65 ,6.31 ,6.67 ,103.42 ,118973.48 ,0.00 ,0.00 ,0.00 ,0.00 ,0.00 
46,0,-1.32 ,154.17 ,90.61 ,-54.17 ,89.65 ,-0.85 ,0.00 ,-161.79 ,10.39 ,10.61 ,38.89 ,51792.31 ,0.00 ,0.00 ,1.00 ,0.00 ,0.00 
47,0,-1.13 ,150.04 ,93.45 ,-50.04 ,90.40 ,-0.09 ,0.25 ,-250.79 ,9.47 ,8.74 ,50.87 ,36997.33 ,0.00 ,0.00 ,0.00 ,1.00 ,0.00 
48,0,-0.13 ,106.57 ,47.42 ,-6.57 ,95.72 ,-0.21 ,0.01 ,-1103.74 ,4.11 ,3.52 ,66.00 ,40448.74 ,0.00 ,0.00 ,0.00 ,0.00 ,0.00 
49,0,0.24 ,89.16 ,99.18 ,10.84 ,92.50 ,0.23 ,0.93 ,883.56 ,7.56 ,7.93 ,35.72 ,40283.61 ,0.00 ,0.00 ,0.00 ,0.00 ,0.00 
50,0,0.26 ,88.66 ,100.39 ,11.34 ,92.80 ,0.32 ,0.66 ,799.24 ,7.18 ,7.21 ,42.06 ,66072.08 ,0.00 ,0.00 ,0.00 ,0.00 ,0.00 
51,0,0.03 ,93.36 ,90.13 ,6.64 ,95.29 ,0.01 ,0.30 ,228.49 ,4.73 ,4.88 ,194.30 ,20069.45 ,0.00 ,0.00 ,0.00 ,0.00 ,0.00 
52,0,0.12 ,101.86 ,98.98 ,-1.86 ,88.49 ,0.04 ,1.15 ,538.94 ,11.65 ,12.38 ,77.05 ,153644.75 ,0.00 ,1.00 ,0.00 ,0.00 ,0.00 
53,0,-0.03 ,100.92 ,98.65 ,-0.92 ,93.05 ,-0.02 ,0.95 ,-5746.99 ,6.78 ,6.98 ,78.17 ,77952.86 ,0.00 ,0.00 ,0.00 ,0.00 ,0.00 
54,0,0.04 ,97.55 ,101.77 ,2.45 ,94.24 ,0.01 ,0.21 ,3158.79 ,5.68 ,6.93 ,89.91 ,39549.93 ,0.00 ,0.00 ,0.00 ,0.00 ,0.00 
55,0,0.02 ,98.62 ,96.31 ,1.38 ,96.65 ,0.01 ,0.34 ,2953.26 ,3.39 ,3.70 ,46.50 ,15942.18 ,0.00 ,0.00 ,0.00 ,0.00 ,0.00 
56,0,0.06 ,95.16 ,100.64 ,4.84 ,94.18 ,0.04 ,0.24 ,1473.50 ,5.90 ,6.57 ,80.45 ,133550.42 ,0.00 ,0.00 ,0.00 ,0.00 ,0.00 
57,0,0.15 ,92.04 ,100.86 ,7.96 ,91.12 ,0.03 ,0.04 ,899.65 ,7.24 ,7.99 ,38.96 ,642217.93 ,0.00 ,1.00 ,0.00 ,0.00 ,0.00 
58,0,0.17 ,91.42 ,99.54 ,8.58 ,91.73 ,0.05 ,0.39 ,920.87 ,8.16 ,8.16 ,36.87 ,120282.83 ,0.00 ,0.00 ,0.00 ,0.00 ,0.00 
59,0,0.11 ,92.63 ,101.16 ,7.37 ,92.48 ,0.07 ,0.02 ,1079.01 ,7.53 ,8.10 ,35.85 ,918031.29 ,0.00 ,1.00 ,0.00 ,0.00 ,0.00 
60,0,0.06 ,96.63 ,93.72 ,3.37 ,96.61 ,0.06 ,0.08 ,3010.51 ,3.27 ,3.55 ,48.13 ,11010.51 ,0.00 ,0.00 ,0.00 ,0.00 ,0.00 
61,0,0.30 ,83.06 ,99.22 ,16.94 ,93.81 ,0.10 ,0.69 ,574.44 ,6.14 ,6.54 ,56.26 ,31475.45 ,0.00 ,0.00 ,0.00 ,0.00 ,0.00 
62,0,0.34 ,84.06 ,101.84 ,15.94 ,93.09 ,0.28 ,0.08 ,523.63 ,6.91 ,7.44 ,64.71 ,37598.36 ,0.00 ,0.00 ,0.00 ,0.00 ,0.00 
63,0,0.19 ,92.92 ,101.45 ,7.08 ,91.41 ,0.05 ,0.05 ,1379.90 ,8.58 ,12.05 ,53.62 ,22366.66 ,0.00 ,0.00 ,0.00 ,1.00 ,0.00 
64,0,0.26 ,83.79 ,105.76 ,16.21 ,90.29 ,0.05 ,0.03 ,468.87 ,9.69 ,10.57 ,65.56 ,23020.91 ,0.00 ,0.00 ,0.00 ,0.00 ,0.00 
65,0,0.26 ,89.96 ,101.74 ,10.04 ,88.82 ,0.07 ,0.00 ,677.61 ,11.26 ,11.40 ,68.83 ,168387.65 ,0.00 ,0.00 ,1.00 ,0.00 ,0.00 
66,0,0.16 ,91.26 ,101.71 ,8.74 ,91.36 ,0.02 ,0.38 ,888.46 ,8.62 ,9.07 ,35.82 ,355575.71 ,0.00 ,1.00 ,0.00 ,0.00 ,0.00 
67,0,0.14 ,85.84 ,109.72 ,14.16 ,93.18 ,0.05 ,0.16 ,448.68 ,6.79 ,7.35 ,81.54 ,260484.82 ,0.00 ,1.00 ,0.00 ,0.00 ,0.00 
68,0,0.25 ,90.24 ,100.63 ,9.76 ,93.28 ,0.16 ,0.86 ,1056.73 ,6.72 ,6.99 ,52.55 ,7969.61 ,0.00 ,0.00 ,0.00 ,0.00 ,0.00 
69,0,0.09 ,95.36 ,100.79 ,4.64 ,93.10 ,0.01 ,0.74 ,1771.30 ,6.65 ,7.23 ,28.48 ,118971.56 ,0.00 ,1.00 ,0.00 ,0.00 ,0.00 
70,0,0.13 ,88.55 ,101.89 ,11.45 ,91.44 ,0.01 ,0.00 ,650.21 ,8.55 ,9.40 ,57.65 ,179257.91 ,0.00 ,1.00 ,0.00 ,0.00 ,0.00 
71,0,0.05 ,95.94 ,101.80 ,4.06 ,93.47 ,0.01 ,0.14 ,1563.38 ,6.51 ,6.74 ,42.99 ,415727.74 ,0.00 ,1.00 ,0.00 ,0.00 ,0.00 
72,0,0.21 ,85.67 ,101.33 ,14.33 ,92.10 ,0.14 ,0.76 ,672.41 ,7.35 ,7.52 ,53.91 ,43441.57 ,0.00 ,0.00 ,0.00 ,0.00 ,0.00 
73,0,0.18 ,84.41 ,108.70 ,15.59 ,94.70 ,0.10 ,0.66 ,760.65 ,5.22 ,5.58 ,73.45 ,34367.60 ,0.00 ,0.00 ,0.00 ,0.00 ,0.00 
74,0,0.23 ,78.45 ,100.62 ,21.55 ,91.15 ,0.02 ,0.31 ,365.99 ,8.73 ,8.75 ,69.43 ,91908.06 ,0.00 ,1.00 ,0.00 ,0.00 ,0.00 
75,0,0.16 ,87.43 ,70.95 ,12.57 ,95.67 ,0.03 ,0.38 ,651.74 ,4.32 ,4.28 ,63.98 ,203037.47 ,0.00 ,1.00 ,0.00 ,0.00 ,0.00 
76,0,0.13 ,93.36 ,103.05 ,6.64 ,90.44 ,0.06 ,0.31 ,853.56 ,8.81 ,9.60 ,61.93 ,59606.62 ,0.00 ,0.00 ,0.00 ,0.00 ,0.00 
77,0,0.11 ,93.89 ,103.17 ,6.11 ,92.25 ,0.02 ,0.18 ,1845.26 ,7.76 ,8.70 ,74.04 ,24223.08 ,0.00 ,0.00 ,0.00 ,0.00 ,0.00 
78,0,0.34 ,85.17 ,96.15 ,14.83 ,94.75 ,0.31 ,0.27 ,903.25 ,5.25 ,6.02 ,55.24 ,13174.66 ,0.00 ,0.00 ,0.00 ,0.00 ,0.00 
79,0,0.28 ,79.22 ,103.01 ,20.78 ,87.83 ,0.07 ,0.00 ,607.73 ,12.26 ,12.09 ,23.21 ,100920.80 ,0.00 ,0.00 ,1.00 ,0.00 ,0.00 
80,0,0.27 ,80.95 ,103.46 ,19.05 ,92.71 ,0.24 ,0.38 ,512.34 ,7.27 ,7.35 ,45.98 ,68081.72 ,0.00 ,1.00 ,0.00 ,0.00 ,0.00 
81,0,0.17 ,87.30 ,103.01 ,12.70 ,93.84 ,0.13 ,0.80 ,882.47 ,6.14 ,6.58 ,71.63 ,56510.43 ,0.00 ,0.00 ,0.00 ,0.00 ,0.00 
82,0,0.14 ,92.90 ,99.53 ,7.10 ,93.34 ,0.05 ,1.02 ,1285.54 ,6.79 ,7.30 ,50.12 ,26555.86 ,0.00 ,0.00 ,0.00 ,0.00 ,0.00 
83,0,0.36 ,82.12 ,102.50 ,17.88 ,87.03 ,0.02 ,0.15 ,505.88 ,12.97 ,17.34 ,50.00 ,205049.04 ,0.00 ,1.00 ,0.00 ,0.00 ,0.00 
84,0,0.19 ,89.60 ,102.76 ,10.40 ,93.83 ,0.21 ,0.44 ,1052.07 ,6.16 ,5.52 ,40.90 ,43743.33 ,0.00 ,0.00 ,0.00 ,1.00 ,0.00 
85,0,0.41 ,85.46 ,100.36 ,14.54 ,92.41 ,0.29 ,1.64 ,637.50 ,7.48 ,8.68 ,33.18 ,14721.47 ,0.00 ,0.00 ,0.00 ,0.00 ,0.00 
86,0,0.53 ,75.25 ,100.72 ,24.75 ,88.61 ,0.35 ,0.00 ,375.57 ,11.86 ,14.26 ,64.03 ,13343.54 ,0.00 ,0.00 ,1.00 ,0.00 ,0.00 
87,0,0.38 ,86.50 ,102.93 ,13.50 ,91.94 ,1.35 ,0.69 ,532.56 ,8.05 ,8.65 ,45.96 ,13392.78 ,0.00 ,0.00 ,0.00 ,0.00 ,0.00 
88,0,0.24 ,88.07 ,103.17 ,11.93 ,88.63 ,0.02 ,0.00 ,625.14 ,11.34 ,9.28 ,52.01 ,90457.07 ,0.00 ,0.00 ,1.00 ,0.00 ,0.00 
89,0,0.39 ,79.79 ,111.82 ,20.21 ,90.82 ,0.07 ,0.12 ,451.45 ,7.35 ,10.56 ,38.22 ,239969.67 ,0.00 ,1.00 ,0.00 ,0.00 ,0.00 
90,0,0.24 ,86.29 ,118.49 ,13.71 ,93.13 ,0.06 ,0.14 ,639.08 ,6.26 ,6.72 ,39.85 ,305724.01 ,0.00 ,1.00 ,0.00 ,0.00 ,0.00 
91,0,0.15 ,92.64 ,113.95 ,7.36 ,92.27 ,0.08 ,0.23 ,1178.72 ,6.46 ,7.02 ,38.69 ,287965.17 ,0.00 ,1.00 ,0.00 ,0.00 ,0.00 
92,0,0.13 ,89.60 ,103.55 ,10.40 ,93.91 ,0.06 ,0.07 ,749.59 ,6.07 ,6.41 ,48.27 ,279059.47 ,0.00 ,1.00 ,0.00 ,0.00 ,0.00 
93,0,0.33 ,86.67 ,112.45 ,13.33 ,90.92 ,0.03 ,0.53 ,572.55 ,7.47 ,9.15 ,27.36 ,451770.06 ,0.00 ,1.00 ,0.00 ,0.00 ,0.00 
94,0,0.28 ,83.73 ,100.98 ,16.27 ,93.41 ,0.11 ,0.41 ,585.39 ,6.60 ,6.83 ,53.94 ,15802.78 ,0.00 ,0.00 ,0.00 ,0.00 ,0.00 
95,0,0.75 ,66.96 ,103.73 ,33.04 ,82.81 ,0.13 ,0.00 ,104.86 ,17.15 ,16.77 ,64.28 ,36088.25 ,0.00 ,0.00 ,1.00 ,0.00 ,0.00 
96,0,0.37 ,78.66 ,103.00 ,21.34 ,92.16 ,0.44 ,0.16 ,399.23 ,6.41 ,8.80 ,40.35 ,190891.75 ,0.00 ,1.00 ,0.00 ,0.00 ,0.00 
97,0,0.26 ,87.53 ,101.50 ,12.47 ,93.50 ,0.11 ,0.18 ,551.07 ,5.37 ,6.66 ,39.24 ,109525.61 ,0.00 ,1.00 ,0.00 ,0.00 ,0.00 
98,0,0.25 ,79.59 ,103.88 ,20.41 ,94.38 ,0.09 ,0.03 ,430.16 ,5.63 ,6.19 ,48.25 ,210227.82 ,0.00 ,0.00 ,0.00 ,0.00 ,0.00 
99,0,0.44 ,77.30 ,101.00 ,22.70 ,92.25 ,0.47 ,0.57 ,476.73 ,7.70 ,7.54 ,59.68 ,24886.50 ,0.00 ,0.00 ,0.00 ,0.00 ,0.00 
100,0,0.46 ,78.83 ,103.49 ,21.17 ,93.89 ,0.28 ,1.01 ,425.15 ,6.15 ,6.66 ,47.10 ,43100.17 ,0.00 ,0.00 ,0.00 ,0.00 ,0.00 
101,0,0.22 ,88.92 ,113.76 ,11.08 ,92.92 ,0.05 ,0.16 ,711.39 ,5.67 ,8.33 ,34.74 ,157483.74 ,0.00 ,1.00 ,0.00 ,0.00 ,0.00 
102,0,0.42 ,84.98 ,106.19 ,15.02 ,92.47 ,0.35 ,0.45 ,607.49 ,6.10 ,6.71 ,37.03 ,126713.29 ,0.00 ,1.00 ,0.00 ,0.00 ,0.00 
103,0,0.38 ,79.98 ,101.57 ,20.02 ,92.85 ,0.03 ,0.23 ,411.99 ,6.40 ,6.80 ,31.24 ,1119214.24 ,0.00 ,0.00 ,0.00 ,0.00 ,0.00 
104,0,0.46 ,82.92 ,102.14 ,17.08 ,91.58 ,1.67 ,0.81 ,528.92 ,8.41 ,8.99 ,55.02 ,7733.81 ,0.00 ,0.00 ,0.00 ,0.00 ,0.00 
105,0,0.30 ,83.98 ,103.57 ,16.02 ,92.86 ,0.31 ,0.82 ,558.88 ,7.14 ,8.21 ,45.28 ,517246.42 ,0.00 ,1.00 ,0.00 ,0.00 ,0.00 
106,0,0.33 ,78.85 ,103.71 ,21.15 ,94.94 ,0.17 ,0.20 ,362.67 ,5.06 ,6.38 ,39.00 ,362207.84 ,0.00 ,1.00 ,0.00 ,0.00 ,0.00 
107,0,0.43 ,81.68 ,102.83 ,18.32 ,92.41 ,0.06 ,0.39 ,429.36 ,6.12 ,6.36 ,28.84 ,460675.84 ,0.00 ,1.00 ,0.00 ,0.00 ,0.00 
108,0,0.46 ,82.18 ,104.56 ,17.82 ,94.20 ,1.81 ,1.03 ,569.91 ,5.80 ,6.47 ,39.03 ,13513.17 ,0.00 ,0.00 ,0.00 ,0.00 ,0.00 
109,0,0.73 ,74.81 ,104.17 ,25.19 ,88.04 ,0.07 ,0.00 ,212.35 ,11.90 ,14.43 ,46.70 ,54424.95 ,0.00 ,0.00 ,1.00 ,0.00 ,0.00 
110,0,0.46 ,68.15 ,100.17 ,31.85 ,92.99 ,0.66 ,1.02 ,295.58 ,7.01 ,7.51 ,62.67 ,40406.70 ,0.00 ,0.00 ,0.00 ,0.00 ,0.00 
111,0,0.94 ,51.99 ,104.04 ,48.01 ,82.46 ,1.21 ,0.22 ,173.20 ,17.53 ,17.57 ,56.04 ,42123.75 ,0.00 ,1.00 ,0.00 ,0.00 ,0.00 
112,0,0.50 ,80.52 ,105.02 ,19.48 ,90.17 ,0.08 ,0.34 ,470.93 ,9.84 ,11.57 ,33.83 ,69011.13 ,0.00 ,1.00 ,0.00 ,0.00 ,0.00 
113,0,0.41 ,82.67 ,150.48 ,17.33 ,92.98 ,0.03 ,0.55 ,493.91 ,6.00 ,10.36 ,38.25 ,1138025.74 ,0.00 ,1.00 ,0.00 ,0.00 ,0.00 
114,0,0.45 ,79.11 ,103.88 ,20.89 ,93.52 ,0.34 ,0.82 ,432.90 ,6.50 ,7.18 ,34.72 ,44766.22 ,0.00 ,0.00 ,0.00 ,0.00 ,0.00 
115,0,0.52 ,80.47 ,107.04 ,19.53 ,92.41 ,0.27 ,1.17 ,436.10 ,7.59 ,7.89 ,36.50 ,26431.79 ,0.00 ,0.00 ,0.00 ,0.00 ,0.00 
116,0,0.48 ,77.80 ,103.37 ,22.20 ,93.08 ,0.04 ,0.69 ,435.60 ,6.96 ,8.00 ,32.87 ,147786.07 ,0.00 ,1.00 ,0.00 ,0.00 ,0.00 
117,0,0.44 ,76.98 ,104.38 ,23.02 ,92.12 ,0.14 ,0.61 ,389.57 ,6.33 ,8.73 ,33.80 ,90784.74 ,0.00 ,1.00 ,0.00 ,0.00 ,0.00 
118,0,1.01 ,52.76 ,103.47 ,47.24 ,84.69 ,0.64 ,0.00 ,113.26 ,15.31 ,14.02 ,53.75 ,125184.35 ,0.00 ,0.00 ,1.00 ,0.00 ,0.00 
119,0,0.30 ,77.89 ,109.84 ,22.11 ,93.54 ,0.02 ,0.00 ,596.51 ,6.25 ,6.07 ,56.99 ,114260.84 ,0.00 ,0.00 ,1.00 ,0.00 ,0.00 
120,0,0.42 ,80.89 ,143.55 ,19.11 ,92.43 ,0.03 ,0.83 ,444.85 ,6.91 ,7.76 ,40.29 ,445968.63 ,0.00 ,1.00 ,0.00 ,0.00 ,0.00 
121,0,0.33 ,81.77 ,103.12 ,18.23 ,92.52 ,0.03 ,0.56 ,396.22 ,7.49 ,8.04 ,42.54 ,157555.32 ,0.00 ,1.00 ,0.00 ,0.00 ,0.00 
122,0,0.33 ,81.55 ,107.81 ,18.45 ,93.76 ,0.03 ,0.46 ,553.41 ,5.18 ,5.66 ,30.22 ,243278.97 ,0.00 ,1.00 ,0.00 ,0.00 ,0.00 
123,0,0.59 ,71.58 ,104.98 ,28.42 ,91.34 ,0.06 ,0.00 ,209.34 ,8.67 ,9.58 ,64.04 ,124215.07 ,0.00 ,0.00 ,1.00 ,0.00 ,0.00 
124,0,0.98 ,62.11 ,104.90 ,37.89 ,79.99 ,0.70 ,0.65 ,117.94 ,19.67 ,19.59 ,65.60 ,13856.38 ,0.00 ,0.00 ,1.00 ,0.00 ,0.00 
125,0,1.00 ,49.38 ,105.13 ,50.62 ,85.07 ,0.34 ,0.00 ,117.36 ,14.93 ,15.23 ,45.17 ,121764.08 ,0.00 ,0.00 ,1.00 ,0.00 ,0.00 
126,0,0.63 ,68.94 ,108.17 ,31.06 ,90.44 ,0.06 ,0.77 ,243.63 ,7.48 ,8.18 ,35.84 ,1115527.00 ,0.00 ,0.00 ,0.00 ,0.00 ,1.00 
127,0,1.07 ,57.12 ,98.29 ,42.88 ,83.50 ,0.46 ,0.00 ,112.95 ,16.50 ,12.68 ,57.89 ,40258.69 ,0.00 ,0.00 ,1.00 ,0.00 ,0.00 
128,0,0.62 ,61.55 ,102.00 ,38.45 ,91.78 ,0.04 ,0.14 ,209.89 ,8.04 ,8.58 ,40.25 ,175399.99 ,0.00 ,1.00 ,0.00 ,0.00 ,0.00 
129,0,0.40 ,75.38 ,103.18 ,24.62 ,93.37 ,0.02 ,1.09 ,348.13 ,5.61 ,5.88 ,39.29 ,1506173.36 ,0.00 ,0.00 ,0.00 ,0.00 ,1.00 
130,0,0.37 ,83.19 ,102.25 ,16.81 ,93.80 ,0.04 ,0.16 ,526.05 ,6.13 ,6.79 ,43.32 ,361155.39 ,0.00 ,0.00 ,0.00 ,0.00 ,0.00 
131,0,0.71 ,61.73 ,103.41 ,38.27 ,91.76 ,1.74 ,1.01 ,227.96 ,8.14 ,10.34 ,46.93 ,59507.60 ,0.00 ,0.00 ,0.00 ,0.00 ,0.00 
132,0,0.40 ,82.52 ,100.44 ,17.48 ,93.83 ,0.02 ,0.89 ,448.69 ,5.88 ,6.58 ,31.55 ,203931.51 ,0.00 ,1.00 ,0.00 ,0.00 ,0.00 
133,0,0.83 ,73.67 ,105.53 ,26.33 ,89.38 ,0.09 ,0.00 ,185.67 ,10.63 ,11.19 ,57.14 ,216849.66 ,0.00 ,0.00 ,1.00 ,0.00 ,0.00 
134,0,0.56 ,69.21 ,103.72 ,30.79 ,91.94 ,0.04 ,0.25 ,279.60 ,7.09 ,8.88 ,29.42 ,223137.04 ,0.00 ,1.00 ,0.00 ,0.00 ,0.00 
135,0,0.41 ,78.65 ,109.18 ,21.35 ,94.95 ,0.20 ,0.49 ,430.66 ,5.01 ,6.58 ,34.26 ,37757.20 ,0.00 ,0.00 ,0.00 ,0.00 ,0.00 
136,0,0.56 ,76.36 ,105.75 ,23.64 ,92.28 ,0.05 ,0.62 ,351.13 ,7.64 ,8.90 ,39.14 ,175931.88 ,0.00 ,1.00 ,0.00 ,0.00 ,0.00 
137,0,0.17 ,90.28 ,105.92 ,9.72 ,94.45 ,0.09 ,0.26 ,996.50 ,5.54 ,5.82 ,40.96 ,133624.55 ,0.00 ,1.00 ,0.00 ,0.00 ,0.00 
138,0,0.82 ,63.97 ,133.04 ,36.03 ,87.15 ,0.16 ,0.00 ,185.35 ,12.82 ,12.65 ,61.40 ,60962.40 ,0.00 ,0.00 ,1.00 ,0.00 ,0.00 
139,0,0.41 ,73.80 ,103.21 ,26.20 ,96.25 ,0.23 ,0.56 ,395.10 ,3.76 ,4.14 ,44.11 ,36656.45 ,0.00 ,0.00 ,0.00 ,0.00 ,0.00 
140,0,0.74 ,76.20 ,104.04 ,23.80 ,90.92 ,0.66 ,1.11 ,285.88 ,9.08 ,9.31 ,27.60 ,31819.86 ,0.00 ,0.00 ,0.00 ,0.00 ,0.00 
141,0,0.52 ,73.35 ,102.39 ,26.65 ,93.57 ,0.22 ,0.87 ,343.56 ,6.45 ,6.74 ,49.46 ,17113.03 ,0.00 ,0.00 ,0.00 ,0.00 ,0.00 
142,0,0.72 ,64.52 ,105.59 ,35.48 ,88.62 ,0.05 ,0.00 ,164.49 ,11.44 ,11.08 ,43.27 ,117647.48 ,0.00 ,0.00 ,1.00 ,0.00 ,0.00 
143,0,0.52 ,76.68 ,103.53 ,23.32 ,93.52 ,0.04 ,0.41 ,366.07 ,5.07 ,5.53 ,40.96 ,136721.85 ,0.00 ,1.00 ,0.00 ,0.00 ,0.00 
144,0,0.88 ,68.09 ,100.81 ,31.91 ,90.79 ,0.25 ,0.38 ,161.65 ,9.25 ,10.54 ,30.05 ,29463.06 ,0.00 ,0.00 ,0.00 ,0.00 ,0.00 
145,0,0.28 ,83.35 ,104.14 ,16.65 ,93.62 ,0.02 ,1.25 ,497.08 ,5.40 ,6.89 ,32.90 ,447566.46 ,0.00 ,1.00 ,0.00 ,0.00 ,0.00 
146,0,0.64 ,71.43 ,128.34 ,28.57 ,90.68 ,0.15 ,0.21 ,293.28 ,6.70 ,7.42 ,30.28 ,424740.56 ,0.00 ,1.00 ,0.00 ,0.00 ,0.00 
147,0,0.56 ,74.71 ,111.66 ,25.29 ,92.34 ,0.06 ,0.09 ,292.45 ,6.33 ,6.43 ,35.28 ,2922126.09 ,0.00 ,0.00 ,0.00 ,0.00 ,1.00 
148,0,0.73 ,60.79 ,106.17 ,39.21 ,90.46 ,1.22 ,0.00 ,227.61 ,9.55 ,9.92 ,44.96 ,30511.83 ,0.00 ,0.00 ,1.00 ,0.00 ,0.00 
149,0,0.72 ,66.17 ,105.23 ,33.83 ,92.03 ,0.08 ,0.15 ,303.88 ,8.02 ,8.97 ,30.88 ,77925.38 ,0.00 ,1.00 ,0.00 ,0.00 ,0.00 
150,0,0.40 ,77.50 ,101.46 ,22.50 ,92.97 ,0.28 ,0.73 ,386.89 ,7.24 ,7.62 ,57.77 ,23220.97 ,0.00 ,0.00 ,0.00 ,0.00 ,0.00 
151,0,0.53 ,77.48 ,103.02 ,22.52 ,92.73 ,0.08 ,0.38 ,336.63 ,5.82 ,8.09 ,32.95 ,183355.60 ,0.00 ,1.00 ,0.00 ,0.00 ,0.00 
152,0,0.43 ,84.28 ,105.38 ,15.72 ,95.58 ,0.42 ,0.36 ,583.40 ,4.42 ,5.15 ,42.29 ,12882.59 ,0.00 ,0.00 ,0.00 ,0.00 ,0.00 
153,0,1.20 ,45.82 ,106.45 ,54.18 ,85.70 ,3.91 ,0.00 ,96.54 ,14.29 ,14.59 ,40.21 ,111320.04 ,0.00 ,0.00 ,1.00 ,0.00 ,0.00 
154,0,0.53 ,75.66 ,104.10 ,24.34 ,95.04 ,0.16 ,1.00 ,272.22 ,4.96 ,5.40 ,38.04 ,40273.84 ,0.00 ,0.00 ,0.00 ,0.00 ,0.00 
155,0,0.44 ,80.56 ,103.96 ,19.44 ,93.34 ,0.03 ,0.46 ,399.33 ,5.95 ,6.55 ,24.70 ,683702.82 ,0.00 ,1.00 ,0.00 ,0.00 ,0.00 
156,0,0.74 ,73.61 ,104.15 ,26.39 ,91.57 ,0.32 ,0.85 ,239.57 ,8.43 ,9.46 ,33.52 ,27488.58 ,0.00 ,0.00 ,0.00 ,0.00 ,0.00 
157,0,0.51 ,64.36 ,103.44 ,35.64 ,94.11 ,0.06 ,0.06 ,211.72 ,5.85 ,8.24 ,45.61 ,90088.04 ,0.00 ,1.00 ,0.00 ,0.00 ,0.00 
158,0,0.57 ,75.54 ,129.29 ,24.46 ,91.98 ,0.09 ,0.74 ,345.52 ,7.01 ,8.10 ,34.62 ,249708.32 ,0.00 ,1.00 ,0.00 ,0.00 ,0.00 
159,0,0.50 ,82.94 ,99.88 ,17.06 ,94.43 ,0.43 ,0.43 ,486.51 ,5.50 ,5.93 ,34.17 ,31626.16 ,0.00 ,0.00 ,0.00 ,0.00 ,0.00 
160,0,0.63 ,77.63 ,106.75 ,22.37 ,92.87 ,0.31 ,0.50 ,832.86 ,7.04 ,7.06 ,57.08 ,14380.15 ,0.00 ,0.00 ,0.00 ,0.00 ,0.00 
161,0,0.78 ,76.72 ,105.32 ,23.28 ,91.52 ,0.49 ,1.05 ,430.05 ,8.29 ,8.70 ,28.12 ,55492.51 ,0.00 ,0.00 ,0.00 ,0.00 ,0.00 
162,0,1.12 ,61.57 ,100.13 ,38.43 ,90.38 ,0.78 ,0.56 ,251.24 ,9.51 ,9.75 ,28.78 ,22382.49 ,0.00 ,0.00 ,0.00 ,0.00 ,0.00 
163,0,0.89 ,49.22 ,106.83 ,50.78 ,90.59 ,0.60 ,0.03 ,156.70 ,9.42 ,9.65 ,63.19 ,29871.29 ,0.00 ,0.00 ,1.00 ,0.00 ,0.00 
164,0,0.47 ,73.52 ,106.70 ,26.48 ,94.34 ,0.37 ,0.69 ,359.69 ,5.65 ,5.80 ,55.41 ,39608.97 ,0.00 ,0.00 ,0.00 ,0.00 ,0.00 
165,0,0.56 ,65.68 ,108.69 ,34.32 ,92.08 ,0.06 ,0.73 ,216.82 ,7.56 ,8.17 ,34.72 ,957675.96 ,0.00 ,1.00 ,0.00 ,0.00 ,0.00 
166,0,0.52 ,73.25 ,102.42 ,26.75 ,94.02 ,0.30 ,0.36 ,198.21 ,5.98 ,6.86 ,31.79 ,89800.79 ,0.00 ,0.00 ,0.00 ,0.00 ,0.00 
167,0,0.83 ,74.12 ,106.48 ,25.88 ,91.46 ,0.90 ,1.38 ,297.75 ,8.56 ,9.28 ,34.93 ,13985.60 ,0.00 ,0.00 ,0.00 ,0.00 ,0.00 
168,0,0.26 ,83.26 ,107.11 ,16.74 ,95.35 ,0.04 ,0.17 ,535.10 ,4.66 ,5.77 ,38.15 ,89849.80 ,0.00 ,0.00 ,0.00 ,1.00 ,0.00 
169,0,0.66 ,63.57 ,107.14 ,36.43 ,92.08 ,0.19 ,0.03 ,237.55 ,7.97 ,9.67 ,35.98 ,26606.90 ,0.00 ,0.00 ,0.00 ,1.00 ,0.00 
170,0,0.66 ,56.55 ,102.69 ,43.45 ,91.64 ,0.06 ,0.05 ,167.41 ,8.38 ,8.66 ,36.38 ,127019.51 ,0.00 ,1.00 ,0.00 ,0.00 ,0.00 
171,0,0.90 ,56.97 ,169.94 ,43.03 ,87.65 ,0.28 ,0.74 ,196.42 ,12.40 ,14.48 ,43.20 ,66106.35 ,0.00 ,0.00 ,0.00 ,0.00 ,0.00 
172,0,0.58 ,75.56 ,105.16 ,24.44 ,92.72 ,0.05 ,0.19 ,351.27 ,7.22 ,8.30 ,28.76 ,360378.99 ,0.00 ,1.00 ,0.00 ,0.00 ,0.00 
173,0,0.88 ,51.38 ,104.82 ,48.62 ,90.41 ,0.09 ,0.32 ,216.03 ,9.59 ,10.46 ,36.67 ,327666.66 ,0.00 ,1.00 ,0.00 ,0.00 ,0.00 
174,0,0.64 ,70.84 ,145.54 ,29.16 ,90.25 ,0.04 ,0.22 ,252.03 ,9.10 ,11.08 ,37.68 ,278228.95 ,0.00 ,1.00 ,0.00 ,0.00 ,0.00 
175,0,0.36 ,79.98 ,128.36 ,20.02 ,93.45 ,0.02 ,0.70 ,433.32 ,5.55 ,6.30 ,37.36 ,92018.66 ,0.00 ,1.00 ,0.00 ,0.00 ,0.00 
176,0,0.76 ,72.77 ,106.77 ,27.23 ,92.39 ,0.06 ,0.32 ,204.60 ,6.84 ,7.56 ,34.57 ,295484.53 ,0.00 ,1.00 ,0.00 ,0.00 ,0.00 
177,0,0.65 ,68.82 ,113.12 ,31.18 ,92.89 ,0.57 ,0.90 ,279.00 ,7.12 ,6.59 ,40.83 ,18920.35 ,0.00 ,0.00 ,0.00 ,0.00 ,0.00 
178,0,0.54 ,73.06 ,106.78 ,26.94 ,94.22 ,0.04 ,0.26 ,152.27 ,5.84 ,6.87 ,50.34 ,89328.94 ,0.00 ,1.00 ,0.00 ,0.00 ,0.00 
179,0,0.67 ,70.64 ,122.43 ,29.36 ,92.92 ,0.13 ,0.22 ,290.77 ,5.87 ,8.21 ,35.59 ,208817.48 ,0.00 ,1.00 ,0.00 ,0.00 ,0.00 
180,0,0.64 ,58.71 ,104.02 ,41.29 ,91.44 ,0.58 ,0.40 ,207.90 ,8.53 ,9.14 ,46.72 ,45743.50 ,0.00 ,0.00 ,0.00 ,0.00 ,0.00 
181,0,0.66 ,76.43 ,105.52 ,23.57 ,92.06 ,0.06 ,0.10 ,325.51 ,7.99 ,7.86 ,32.92 ,52039.42 ,0.00 ,0.00 ,0.00 ,1.00 ,0.00 
182,0,0.69 ,73.16 ,106.46 ,26.84 ,92.51 ,0.06 ,0.38 ,290.30 ,6.33 ,8.49 ,21.70 ,323910.67 ,0.00 ,1.00 ,0.00 ,0.00 ,0.00 
183,0,0.80 ,64.06 ,108.06 ,35.94 ,92.61 ,0.72 ,0.05 ,272.96 ,7.33 ,8.74 ,43.46 ,27574.76 ,0.00 ,0.00 ,0.00 ,0.00 ,0.00 
184,0,0.99 ,48.45 ,102.44 ,51.55 ,89.84 ,1.80 ,0.20 ,166.75 ,10.09 ,10.62 ,44.66 ,149632.03 ,0.00 ,0.00 ,0.00 ,0.00 ,0.00 
185,0,0.70 ,73.65 ,105.24 ,26.35 ,94.78 ,0.44 ,0.48 ,325.10 ,5.22 ,6.14 ,37.21 ,27203.51 ,0.00 ,0.00 ,0.00 ,0.00 ,0.00 
186,0,0.72 ,73.94 ,105.09 ,26.06 ,93.14 ,0.07 ,0.47 ,321.17 ,5.69 ,6.29 ,38.30 ,140469.33 ,0.00 ,1.00 ,0.00 ,0.00 ,0.00 
187,0,0.89 ,58.48 ,105.91 ,41.52 ,92.26 ,0.24 ,0.44 ,210.17 ,7.50 ,8.93 ,26.83 ,78053.31 ,0.00 ,0.00 ,0.00 ,0.00 ,0.00 
188,0,0.67 ,81.57 ,108.10 ,18.43 ,92.35 ,0.06 ,0.00 ,539.46 ,7.61 ,7.71 ,22.13 ,43562.90 ,0.00 ,0.00 ,0.00 ,1.00 ,0.00 
189,0,0.49 ,73.27 ,108.80 ,26.73 ,95.19 ,0.30 ,0.61 ,235.67 ,4.81 ,5.63 ,61.46 ,9872.86 ,0.00 ,0.00 ,0.00 ,0.00 ,0.00 
190,0,0.87 ,61.80 ,108.36 ,38.20 ,91.98 ,0.13 ,1.25 ,196.53 ,7.96 ,8.69 ,31.57 ,356229.20 ,0.00 ,0.00 ,0.00 ,0.00 ,0.00 
191,0,0.51 ,76.21 ,126.98 ,23.79 ,93.26 ,0.16 ,0.26 ,419.13 ,6.06 ,7.79 ,32.14 ,396957.66 ,0.00 ,1.00 ,0.00 ,0.00 ,0.00 
192,0,0.83 ,70.41 ,123.58 ,29.59 ,92.80 ,0.11 ,0.23 ,323.21 ,6.36 ,8.41 ,51.31 ,216115.73 ,0.00 ,1.00 ,0.00 ,0.00 ,0.00 
193,0,0.96 ,62.68 ,105.22 ,37.32 ,90.81 ,1.52 ,0.36 ,159.77 ,9.20 ,10.12 ,33.10 ,54486.90 ,0.00 ,0.00 ,0.00 ,0.00 ,0.00 
194,0,1.06 ,60.71 ,103.67 ,39.29 ,90.49 ,0.11 ,0.58 ,226.94 ,9.43 ,9.98 ,33.40 ,149730.39 ,0.00 ,0.00 ,0.00 ,0.00 ,0.00 
195,0,0.49 ,79.53 ,108.22 ,20.47 ,95.40 ,0.12 ,1.04 ,204.24 ,4.41 ,5.14 ,39.51 ,36115.68 ,0.00 ,0.00 ,0.00 ,0.00 ,0.00 
196,0,0.86 ,66.78 ,106.16 ,33.22 ,91.95 ,0.13 ,0.34 ,236.21 ,6.90 ,7.62 ,29.15 ,455757.32 ,0.00 ,0.00 ,0.00 ,0.00 ,0.00 
197,0,1.05 ,66.16 ,115.03 ,33.84 ,89.94 ,0.84 ,1.67 ,222.78 ,10.06 ,11.03 ,37.09 ,26184.69 ,0.00 ,0.00 ,0.00 ,0.00 ,0.00 
198,0,0.82 ,67.95 ,104.83 ,32.05 ,91.93 ,0.50 ,0.66 ,298.08 ,7.73 ,9.03 ,40.99 ,57978.54 ,0.00 ,0.00 ,0.00 ,0.00 ,0.00 
199,0,0.76 ,52.20 ,101.13 ,47.80 ,91.60 ,0.51 ,0.42 ,172.43 ,8.20 ,9.19 ,42.39 ,18084.82 ,0.00 ,0.00 ,0.00 ,0.00 ,0.00 
200,0,0.97 ,70.15 ,106.40 ,29.85 ,92.73 ,0.67 ,0.57 ,322.63 ,7.27 ,8.31 ,37.84 ,17580.39 ,0.00 ,0.00 ,0.00 ,0.00 ,0.00 
201,0,0.96 ,62.93 ,109.11 ,37.07 ,91.65 ,0.42 ,0.12 ,359.09 ,8.35 ,9.84 ,25.81 ,52036.09 ,0.00 ,0.00 ,0.00 ,1.00 ,0.00 
202,0,0.77 ,61.31 ,103.64 ,38.69 ,92.89 ,0.40 ,0.39 ,235.35 ,6.91 ,7.35 ,36.02 ,25549.55 ,0.00 ,0.00 ,0.00 ,0.00 ,0.00 
203,0,0.96 ,56.98 ,109.98 ,43.02 ,92.32 ,0.27 ,0.81 ,222.93 ,7.51 ,8.69 ,34.60 ,42431.99 ,0.00 ,0.00 ,0.00 ,0.00 ,0.00 
204,0,0.87 ,64.95 ,105.67 ,35.05 ,92.21 ,0.05 ,1.16 ,243.16 ,6.66 ,7.02 ,28.23 ,378792.88 ,0.00 ,1.00 ,0.00 ,0.00 ,0.00 
205,0,0.64 ,72.98 ,107.27 ,27.02 ,94.00 ,0.37 ,1.25 ,291.91 ,5.58 ,6.67 ,33.50 ,17585.28 ,0.00 ,0.00 ,0.00 ,0.00 ,0.00 
206,0,1.06 ,62.67 ,110.94 ,37.33 ,91.66 ,0.21 ,1.14 ,237.51 ,7.61 ,9.24 ,26.82 ,74637.77 ,0.00 ,0.00 ,0.00 ,0.00 ,0.00 
207,0,0.80 ,71.65 ,106.06 ,28.35 ,93.57 ,0.12 ,0.28 ,288.57 ,5.25 ,7.63 ,25.50 ,160614.90 ,0.00 ,1.00 ,0.00 ,0.00 ,0.00 
208,0,0.83 ,63.92 ,112.78 ,36.08 ,91.76 ,0.05 ,1.64 ,234.79 ,7.84 ,8.30 ,30.41 ,515583.77 ,0.00 ,1.00 ,0.00 ,0.00 ,0.00 
209,0,0.97 ,56.71 ,105.22 ,43.29 ,90.12 ,0.51 ,0.43 ,192.52 ,9.91 ,11.12 ,34.93 ,118751.12 ,0.00 ,0.00 ,0.00 ,0.00 ,0.00 
210,0,0.66 ,73.76 ,106.88 ,26.24 ,93.38 ,0.12 ,0.19 ,443.58 ,5.44 ,7.56 ,27.82 ,153829.24 ,0.00 ,1.00 ,0.00 ,0.00 ,0.00 
211,0,0.90 ,51.90 ,108.22 ,48.10 ,91.75 ,0.36 ,0.47 ,173.07 ,7.83 ,8.95 ,30.78 ,118621.39 ,0.00 ,0.00 ,0.00 ,0.00 ,0.00 
212,0,1.04 ,60.68 ,109.38 ,39.32 ,91.29 ,0.31 ,0.13 ,248.94 ,8.68 ,9.39 ,31.73 ,23120.10 ,0.00 ,0.00 ,0.00 ,0.00 ,0.00 
213,0,0.79 ,61.84 ,106.66 ,38.16 ,93.35 ,0.76 ,0.26 ,257.10 ,6.64 ,7.60 ,43.01 ,190967.05 ,0.00 ,1.00 ,0.00 ,0.00 ,0.00 
214,0,0.83 ,67.39 ,108.73 ,32.61 ,92.00 ,0.14 ,0.16 ,234.93 ,7.73 ,9.14 ,24.28 ,64316.93 ,0.00 ,0.00 ,0.00 ,0.00 ,0.00 
215,0,0.85 ,61.53 ,115.10 ,38.47 ,92.21 ,0.24 ,0.78 ,217.57 ,7.69 ,8.45 ,36.83 ,26165.65 ,0.00 ,0.00 ,0.00 ,0.00 ,0.00 
216,0,1.00 ,54.85 ,118.71 ,45.15 ,90.93 ,0.28 ,0.63 ,168.98 ,7.72 ,9.98 ,36.32 ,214601.17 ,0.00 ,0.00 ,0.00 ,0.00 ,0.00 
217,0,0.91 ,61.06 ,103.38 ,38.94 ,91.92 ,0.04 ,0.14 ,218.86 ,6.62 ,8.62 ,39.69 ,119880.00 ,0.00 ,1.00 ,0.00 ,0.00 ,0.00 
218,0,1.04 ,56.90 ,118.27 ,43.10 ,92.38 ,0.52 ,0.22 ,244.44 ,7.61 ,8.90 ,46.47 ,8778.18 ,0.00 ,0.00 ,0.00 ,0.00 ,0.00 
219,1,0.69 ,69.73 ,112.14 ,30.27 ,94.00 ,0.50 ,0.55 ,338.91 ,5.87 ,6.59 ,30.81 ,36127.64 ,0.00 ,0.00 ,0.00 ,0.00 ,0.00 
220,1,0.99 ,55.42 ,102.50 ,44.58 ,92.79 ,0.19 ,0.48 ,105.97 ,7.33 ,8.74 ,30.66 ,34767.46 ,0.00 ,1.00 ,0.00 ,0.00 ,0.00 
221,1,0.55 ,71.74 ,105.61 ,28.26 ,95.42 ,0.12 ,0.35 ,78.06 ,4.27 ,4.69 ,46.26 ,21960.20 ,0.00 ,0.00 ,0.00 ,0.00 ,0.00 
222,1,1.04 ,69.79 ,106.67 ,30.21 ,92.80 ,0.76 ,2.63 ,316.87 ,7.22 ,7.84 ,39.14 ,11629.50 ,0.00 ,0.00 ,0.00 ,0.00 ,0.00 
223,1,0.74 ,68.24 ,105.26 ,31.76 ,95.29 ,0.60 ,0.31 ,292.30 ,4.73 ,5.32 ,42.28 ,27079.27 ,0.00 ,0.00 ,0.00 ,0.00 ,0.00 
224,1,0.77 ,64.82 ,113.23 ,35.18 ,93.61 ,0.05 ,0.97 ,210.91 ,5.32 ,6.14 ,31.87 ,378181.80 ,0.00 ,1.00 ,0.00 ,0.00 ,0.00 
225,1,1.19 ,57.43 ,109.16 ,42.57 ,92.15 ,0.30 ,0.58 ,216.34 ,7.58 ,8.63 ,31.79 ,47663.42 ,0.00 ,0.00 ,0.00 ,0.00 ,0.00 
226,1,0.93 ,55.19 ,108.13 ,44.81 ,92.89 ,0.17 ,0.41 ,222.46 ,7.01 ,8.57 ,39.26 ,45677.85 ,0.00 ,0.00 ,0.00 ,0.00 ,0.00 
227,1,0.99 ,59.69 ,113.16 ,40.31 ,92.80 ,0.45 ,0.34 ,243.13 ,7.23 ,8.26 ,39.51 ,16090.89 ,0.00 ,0.00 ,0.00 ,0.00 ,0.00 
228,1,0.86 ,63.21 ,108.00 ,36.79 ,92.58 ,0.06 ,1.18 ,231.22 ,7.42 ,8.65 ,28.91 ,659773.39 ,0.00 ,0.00 ,0.00 ,0.00 ,0.00 
229,1,0.89 ,54.80 ,111.29 ,45.20 ,92.54 ,0.24 ,0.45 ,178.49 ,7.33 ,8.75 ,29.85 ,74382.45 ,0.00 ,0.00 ,0.00 ,0.00 ,0.00 
230,1,0.86 ,69.76 ,111.92 ,30.24 ,94.00 ,0.52 ,0.67 ,248.79 ,5.88 ,6.54 ,34.99 ,27816.94 ,0.00 ,0.00 ,0.00 ,0.00 ,0.00 
231,1,1.27 ,54.05 ,107.39 ,45.95 ,90.75 ,1.14 ,0.99 ,191.75 ,9.19 ,10.53 ,27.85 ,63383.78 ,0.00 ,0.00 ,0.00 ,0.00 ,0.00 
232,1,1.09 ,63.31 ,104.79 ,36.69 ,91.35 ,0.39 ,0.49 ,257.69 ,9.17 ,9.65 ,47.67 ,9729.57 ,0.00 ,0.00 ,0.00 ,0.00 ,0.00 
233,1,0.81 ,64.54 ,109.45 ,35.46 ,92.56 ,0.68 ,0.89 ,129.52 ,7.48 ,8.33 ,32.96 ,58319.01 ,0.00 ,0.00 ,0.00 ,0.00 ,0.00 
234,1,0.96 ,59.91 ,117.27 ,40.09 ,94.03 ,0.60 ,1.49 ,167.97 ,5.96 ,6.98 ,40.98 ,33509.49 ,0.00 ,0.00 ,0.00 ,0.00 ,0.00 
235,1,0.99 ,57.83 ,116.26 ,42.17 ,92.81 ,0.65 ,0.65 ,232.51 ,5.99 ,8.42 ,27.78 ,174899.83 ,0.00 ,0.00 ,0.00 ,0.00 ,0.00 
236,1,0.67 ,66.81 ,107.15 ,33.19 ,94.38 ,0.32 ,1.08 ,276.07 ,5.65 ,6.37 ,43.10 ,130352.59 ,0.00 ,0.00 ,0.00 ,0.00 ,0.00 
237,1,1.23 ,59.82 ,113.40 ,40.18 ,91.91 ,0.69 ,0.05 ,265.58 ,8.09 ,9.57 ,43.01 ,7663.31 ,0.00 ,0.00 ,0.00 ,0.00 ,0.00 
238,1,0.92 ,53.58 ,122.53 ,46.42 ,91.09 ,0.09 ,0.17 ,180.50 ,7.87 ,10.36 ,25.21 ,215586.03 ,0.00 ,1.00 ,0.00 ,0.00 ,0.00 
239,1,0.83 ,55.30 ,110.40 ,44.70 ,94.20 ,0.16 ,0.27 ,211.60 ,5.89 ,6.91 ,39.74 ,27823.18 ,0.00 ,0.00 ,0.00 ,0.00 ,0.00 
240,1,1.16 ,50.41 ,111.59 ,49.59 ,91.99 ,1.13 ,0.03 ,179.92 ,7.88 ,9.29 ,28.55 ,46688.78 ,0.00 ,0.00 ,0.00 ,0.00 ,0.00 
241,1,0.69 ,58.08 ,124.63 ,41.92 ,92.98 ,0.16 ,0.12 ,167.50 ,4.84 ,6.79 ,40.68 ,205209.40 ,0.00 ,1.00 ,0.00 ,0.00 ,0.00 
242,1,0.75 ,67.12 ,111.65 ,32.88 ,94.95 ,0.15 ,0.47 ,280.25 ,4.98 ,6.10 ,37.87 ,43288.85 ,0.00 ,0.00 ,0.00 ,0.00 ,0.00 
243,1,0.44 ,76.02 ,103.87 ,23.98 ,96.20 ,0.32 ,0.06 ,420.11 ,3.80 ,4.24 ,38.41 ,41823.95 ,0.00 ,0.00 ,0.00 ,0.00 ,0.00 
244,1,0.91 ,53.83 ,105.98 ,46.17 ,92.52 ,0.09 ,0.37 ,191.86 ,7.49 ,8.18 ,28.58 ,381831.61 ,0.00 ,0.00 ,0.00 ,0.00 ,0.00 
245,1,0.83 ,41.01 ,107.32 ,58.99 ,93.24 ,0.06 ,0.56 ,135.06 ,6.64 ,6.91 ,39.20 ,983079.57 ,0.00 ,0.00 ,0.00 ,0.00 ,0.00 
246,1,0.35 ,74.33 ,106.18 ,25.67 ,95.36 ,0.20 ,0.35 ,246.39 ,4.67 ,4.94 ,48.85 ,132900.73 ,0.00 ,1.00 ,0.00 ,0.00 ,0.00 
247,1,1.02 ,59.14 ,111.32 ,40.86 ,91.92 ,0.29 ,0.55 ,220.48 ,7.99 ,9.26 ,26.77 ,73640.78 ,0.00 ,0.00 ,0.00 ,0.00 ,0.00 
248,1,1.16 ,54.04 ,109.64 ,45.96 ,90.25 ,0.17 ,0.00 ,128.48 ,9.85 ,10.23 ,49.06 ,485919.61 ,0.00 ,0.00 ,1.00 ,0.00 ,0.00 
249,1,0.87 ,59.16 ,113.34 ,40.84 ,93.45 ,0.67 ,0.23 ,220.24 ,6.48 ,6.81 ,33.84 ,44229.74 ,0.00 ,0.00 ,0.00 ,0.00 ,0.00 
250,1,0.56 ,67.66 ,106.06 ,32.34 ,95.73 ,0.08 ,0.58 ,235.50 ,4.24 ,5.09 ,44.75 ,348682.98 ,0.00 ,0.00 ,0.00 ,0.00 ,0.00 
251,1,0.79 ,69.97 ,104.75 ,30.03 ,93.03 ,0.35 ,0.11 ,328.46 ,6.95 ,7.93 ,47.00 ,258388.81 ,0.00 ,0.00 ,0.00 ,0.00 ,0.00 
252,1,1.12 ,62.81 ,111.18 ,37.19 ,91.05 ,0.23 ,0.64 ,224.66 ,8.76 ,9.86 ,26.95 ,77068.05 ,0.00 ,0.00 ,0.00 ,0.00 ,0.00 
253,1,1.50 ,48.31 ,111.12 ,51.69 ,89.94 ,0.33 ,0.38 ,189.49 ,10.01 ,11.83 ,30.63 ,60670.93 ,0.00 ,0.00 ,0.00 ,0.00 ,0.00 
254,1,1.14 ,77.76 ,111.83 ,22.24 ,92.41 ,0.13 ,0.03 ,456.73 ,7.59 ,11.27 ,18.37 ,76515.49 ,0.00 ,0.00 ,0.00 ,1.00 ,0.00 
255,1,1.13 ,49.14 ,111.04 ,50.86 ,92.11 ,0.38 ,0.65 ,161.06 ,7.59 ,8.26 ,36.44 ,71444.54 ,0.00 ,0.00 ,0.00 ,0.00 ,0.00 
256,1,0.94 ,83.18 ,118.57 ,16.82 ,92.61 ,0.11 ,0.00 ,600.03 ,7.00 ,7.69 ,21.33 ,51827.48 ,0.00 ,0.00 ,0.00 ,1.00 ,0.00 
257,1,1.18 ,54.75 ,110.75 ,45.25 ,92.10 ,1.87 ,0.46 ,197.87 ,7.92 ,9.17 ,43.42 ,19940.57 ,0.00 ,0.00 ,0.00 ,0.00 ,0.00 
258,1,0.90 ,61.20 ,107.64 ,38.80 ,93.63 ,0.98 ,0.65 ,238.05 ,6.38 ,6.72 ,42.81 ,20377.84 ,0.00 ,0.00 ,0.00 ,0.00 ,0.00 
259,1,0.84 ,56.89 ,109.42 ,43.11 ,94.03 ,0.06 ,0.87 ,194.43 ,5.30 ,7.00 ,35.39 ,185222.25 ,0.00 ,1.00 ,0.00 ,0.00 ,0.00 
260,1,1.29 ,59.26 ,111.61 ,40.74 ,90.77 ,0.43 ,0.38 ,233.33 ,9.13 ,10.43 ,46.90 ,68791.31 ,0.00 ,0.00 ,0.00 ,0.00 ,0.00 
261,1,0.99 ,61.69 ,111.93 ,38.31 ,93.53 ,1.03 ,0.22 ,204.75 ,6.47 ,7.29 ,35.05 ,24268.48 ,0.00 ,0.00 ,0.00 ,0.00 ,0.00 
262,1,1.29 ,57.29 ,117.53 ,42.71 ,91.25 ,0.39 ,0.88 ,230.13 ,8.73 ,10.58 ,39.96 ,10381.65 ,0.00 ,0.00 ,0.00 ,0.00 ,0.00 
263,1,1.38 ,61.21 ,105.25 ,38.79 ,91.74 ,2.32 ,0.50 ,163.72 ,8.66 ,8.24 ,39.03 ,21499.14 ,0.00 ,0.00 ,0.00 ,0.00 ,0.00 
264,1,1.49 ,52.99 ,112.63 ,47.01 ,90.96 ,0.23 ,0.50 ,185.30 ,8.96 ,10.71 ,26.46 ,58481.30 ,0.00 ,1.00 ,0.00 ,0.00 ,0.00 
265,1,1.14 ,42.38 ,105.55 ,57.62 ,91.35 ,0.14 ,0.45 ,143.08 ,8.70 ,9.68 ,28.42 ,235197.82 ,0.00 ,0.00 ,0.00 ,0.00 ,0.00 
266,1,1.32 ,50.38 ,112.37 ,49.62 ,91.25 ,0.57 ,0.00 ,203.82 ,8.60 ,10.01 ,29.59 ,28413.86 ,0.00 ,0.00 ,0.00 ,0.00 ,0.00 
267,1,1.60 ,42.69 ,112.53 ,57.31 ,89.45 ,0.62 ,0.90 ,145.44 ,10.20 ,12.05 ,29.33 ,45460.04 ,0.00 ,0.00 ,0.00 ,0.00 ,0.00 
268,1,1.17 ,52.40 ,110.14 ,47.60 ,92.23 ,0.08 ,0.79 ,165.78 ,7.08 ,8.09 ,24.54 ,1416564.69 ,0.00 ,1.00 ,0.00 ,0.00 ,0.00 
269,1,1.16 ,55.93 ,112.69 ,44.07 ,92.12 ,1.16 ,0.21 ,137.22 ,7.84 ,8.69 ,34.72 ,39392.83 ,0.00 ,0.00 ,0.00 ,0.00 ,0.00 
270,1,1.11 ,58.55 ,112.02 ,41.45 ,93.16 ,0.17 ,0.24 ,231.16 ,6.67 ,8.05 ,36.05 ,49349.15 ,0.00 ,0.00 ,0.00 ,0.00 ,0.00 
271,1,0.74 ,62.24 ,123.82 ,37.76 ,94.28 ,0.56 ,0.19 ,158.99 ,5.63 ,6.19 ,45.89 ,23339.39 ,0.00 ,0.00 ,0.00 ,0.00 ,0.00 
272,1,0.77 ,61.66 ,116.74 ,38.34 ,93.53 ,0.04 ,0.32 ,197.86 ,5.69 ,6.35 ,35.22 ,488976.19 ,0.00 ,1.00 ,0.00 ,0.00 ,0.00 
273,1,0.83 ,57.94 ,124.45 ,42.06 ,94.40 ,0.24 ,0.47 ,222.20 ,5.55 ,6.97 ,35.23 ,41602.49 ,0.00 ,0.00 ,0.00 ,0.00 ,0.00 
274,1,1.12 ,48.54 ,109.12 ,51.46 ,91.39 ,0.18 ,0.14 ,159.55 ,8.22 ,9.41 ,33.00 ,599797.13 ,0.00 ,0.00 ,0.00 ,0.00 ,0.00 
275,1,0.93 ,62.22 ,111.34 ,37.78 ,94.32 ,0.19 ,0.25 ,236.60 ,5.65 ,6.68 ,37.81 ,29090.50 ,0.00 ,0.00 ,0.00 ,0.00 ,0.00 
276,1,1.00 ,52.58 ,107.68 ,47.42 ,91.82 ,0.09 ,0.58 ,173.98 ,8.09 ,8.97 ,34.47 ,619964.26 ,0.00 ,0.00 ,0.00 ,0.00 ,0.00 
277,1,1.03 ,57.95 ,109.38 ,42.05 ,93.59 ,0.09 ,0.12 ,165.82 ,5.19 ,5.94 ,38.08 ,127134.56 ,0.00 ,1.00 ,0.00 ,0.00 ,0.00 
278,1,1.09 ,64.16 ,115.41 ,35.84 ,93.27 ,0.54 ,1.72 ,290.39 ,6.59 ,7.74 ,35.07 ,20072.61 ,0.00 ,0.00 ,0.00 ,0.00 ,0.00 
279,1,1.16 ,58.67 ,111.11 ,41.33 ,92.03 ,0.13 ,0.44 ,210.60 ,7.38 ,8.84 ,28.24 ,362637.20 ,0.00 ,0.00 ,0.00 ,0.00 ,0.00 
280,1,1.10 ,44.49 ,109.56 ,55.51 ,92.12 ,0.09 ,0.43 ,97.14 ,7.71 ,8.52 ,29.94 ,111118.23 ,0.00 ,0.00 ,0.00 ,0.00 ,0.00 
281,1,1.24 ,66.35 ,113.57 ,33.65 ,92.22 ,0.32 ,0.55 ,265.23 ,7.70 ,9.11 ,34.98 ,120227.69 ,0.00 ,0.00 ,0.00 ,0.00 ,0.00 
282,1,0.99 ,51.57 ,107.54 ,48.43 ,92.05 ,0.09 ,0.32 ,160.78 ,7.87 ,8.88 ,36.26 ,173441.80 ,0.00 ,0.00 ,0.00 ,0.00 ,0.00 
283,1,1.50 ,51.97 ,110.91 ,48.03 ,90.59 ,0.56 ,1.60 ,199.52 ,9.17 ,10.47 ,38.94 ,16059.95 ,0.00 ,0.00 ,0.00 ,0.00 ,0.00 
284,1,1.39 ,50.66 ,111.84 ,49.34 ,91.80 ,0.22 ,0.78 ,198.82 ,8.05 ,9.82 ,30.58 ,35959.30 ,0.00 ,0.00 ,0.00 ,0.00 ,0.00 
285,1,1.12 ,52.83 ,110.28 ,47.17 ,92.96 ,0.32 ,1.13 ,171.52 ,7.04 ,8.32 ,34.35 ,49739.97 ,0.00 ,0.00 ,0.00 ,0.00 ,0.00 
286,1,1.27 ,59.14 ,108.21 ,40.86 ,91.10 ,0.81 ,0.58 ,220.84 ,8.72 ,9.77 ,37.23 ,57307.46 ,0.00 ,0.00 ,0.00 ,0.00 ,0.00 
287,1,1.11 ,67.49 ,114.58 ,32.51 ,92.21 ,0.76 ,1.40 ,303.45 ,7.81 ,9.06 ,38.61 ,24012.18 ,0.00 ,0.00 ,0.00 ,0.00 ,0.00 
288,1,1.38 ,51.67 ,109.75 ,48.33 ,91.88 ,0.23 ,0.32 ,159.93 ,7.97 ,9.28 ,26.40 ,65103.44 ,0.00 ,0.00 ,0.00 ,0.00 ,0.00 
289,1,0.90 ,72.56 ,109.90 ,27.44 ,94.18 ,0.25 ,0.97 ,314.08 ,5.82 ,6.40 ,42.06 ,39803.92 ,0.00 ,1.00 ,0.00 ,0.00 ,0.00 
290,1,1.06 ,52.38 ,111.67 ,47.62 ,92.64 ,0.36 ,0.44 ,180.60 ,7.27 ,8.61 ,22.63 ,245109.96 ,0.00 ,0.00 ,0.00 ,0.00 ,0.00 
291,1,1.33 ,54.85 ,110.45 ,45.15 ,91.27 ,0.39 ,0.51 ,204.41 ,8.59 ,9.72 ,33.47 ,67886.14 ,0.00 ,0.00 ,0.00 ,0.00 ,0.00 
292,1,0.71 ,67.55 ,104.44 ,32.45 ,95.67 ,1.27 ,1.17 ,298.77 ,4.36 ,4.82 ,48.60 ,13910.24 ,0.00 ,0.00 ,0.00 ,0.00 ,0.00 
293,1,1.29 ,53.01 ,112.30 ,46.99 ,92.84 ,0.88 ,0.87 ,204.31 ,7.16 ,8.01 ,31.40 ,29307.48 ,0.00 ,0.00 ,0.00 ,0.00 ,0.00 
294,1,1.44 ,51.29 ,118.51 ,48.71 ,91.41 ,0.82 ,0.53 ,201.96 ,8.49 ,10.06 ,38.36 ,12629.79 ,0.00 ,0.00 ,0.00 ,0.00 ,0.00 
295,1,1.20 ,53.81 ,112.16 ,46.19 ,92.71 ,0.33 ,0.26 ,191.28 ,7.35 ,8.82 ,32.15 ,29441.80 ,0.00 ,0.00 ,0.00 ,0.00 ,0.00 
296,1,1.11 ,47.90 ,108.78 ,52.10 ,91.61 ,0.51 ,0.40 ,179.10 ,7.56 ,8.32 ,33.28 ,72734.52 ,0.00 ,0.00 ,0.00 ,0.00 ,0.00 
297,1,1.26 ,60.79 ,115.73 ,39.21 ,92.87 ,0.36 ,1.36 ,241.08 ,6.97 ,8.65 ,32.08 ,30103.90 ,0.00 ,0.00 ,0.00 ,0.00 ,0.00 
298,1,0.99 ,54.12 ,114.97 ,45.88 ,94.08 ,0.15 ,0.76 ,185.81 ,5.72 ,7.32 ,29.47 ,29971.48 ,0.00 ,0.00 ,0.00 ,0.00 ,0.00 
299,1,0.97 ,54.63 ,113.84 ,45.37 ,94.29 ,0.57 ,0.15 ,221.91 ,5.58 ,6.27 ,46.74 ,14597.70 ,0.00 ,0.00 ,0.00 ,0.00 ,0.00 
300,1,1.02 ,55.87 ,111.07 ,44.13 ,93.48 ,0.08 ,0.89 ,215.78 ,5.50 ,7.54 ,37.53 ,104699.99 ,0.00 ,1.00 ,0.00 ,0.00 ,0.00 
301,1,1.22 ,59.03 ,104.42 ,40.97 ,92.27 ,0.27 ,0.40 ,220.42 ,7.74 ,8.11 ,34.12 ,78654.30 ,0.00 ,0.00 ,0.00 ,0.00 ,0.00 
302,1,1.67 ,42.53 ,113.93 ,57.47 ,90.89 ,0.14 ,0.43 ,167.05 ,9.10 ,11.43 ,25.42 ,29097.72 ,0.00 ,0.00 ,0.00 ,1.00 ,0.00 
303,1,1.32 ,53.49 ,111.79 ,46.51 ,91.58 ,0.56 ,0.54 ,154.61 ,8.21 ,9.44 ,33.82 ,136763.04 ,0.00 ,0.00 ,0.00 ,0.00 ,0.00 
304,1,1.59 ,48.89 ,113.86 ,51.11 ,90.84 ,0.40 ,0.37 ,183.30 ,8.96 ,10.69 ,29.73 ,57890.05 ,0.00 ,0.00 ,0.00 ,0.00 ,0.00 
305,1,1.18 ,52.08 ,113.39 ,47.92 ,93.12 ,0.30 ,0.82 ,177.27 ,6.85 ,7.67 ,33.15 ,32268.99 ,0.00 ,0.00 ,0.00 ,0.00 ,0.00 
306,1,1.55 ,50.23 ,113.94 ,49.77 ,91.46 ,0.16 ,1.34 ,191.61 ,8.32 ,9.95 ,28.74 ,26450.80 ,0.00 ,0.00 ,0.00 ,0.00 ,0.00 
307,1,1.75 ,41.34 ,113.67 ,58.66 ,89.54 ,0.41 ,1.04 ,154.86 ,10.13 ,11.85 ,23.83 ,82455.99 ,0.00 ,0.00 ,0.00 ,0.00 ,0.00 
308,1,1.70 ,51.31 ,96.43 ,48.69 ,89.19 ,0.64 ,1.73 ,192.30 ,10.80 ,10.85 ,30.21 ,41350.27 ,0.00 ,0.00 ,0.00 ,0.00 ,0.00 
309,1,1.23 ,49.47 ,113.86 ,50.53 ,93.68 ,0.31 ,0.48 ,185.86 ,6.24 ,8.09 ,37.95 ,44821.97 ,0.00 ,0.00 ,0.00 ,0.00 ,0.00 
310,1,0.83 ,63.58 ,111.80 ,36.42 ,94.02 ,0.07 ,0.13 ,194.84 ,5.31 ,5.82 ,31.14 ,368217.63 ,0.00 ,1.00 ,0.00 ,0.00 ,0.00 
311,1,1.10 ,54.76 ,113.14 ,45.24 ,92.56 ,0.30 ,1.00 ,195.96 ,7.42 ,8.57 ,35.18 ,72042.65 ,0.00 ,0.00 ,0.00 ,0.00 ,0.00 
312,1,1.32 ,54.62 ,117.41 ,45.38 ,93.01 ,0.27 ,1.31 ,207.53 ,6.76 ,7.98 ,35.78 ,19697.22 ,0.00 ,0.00 ,0.00 ,0.00 ,0.00 
313,1,2.02 ,41.19 ,113.41 ,58.81 ,88.84 ,0.68 ,1.59 ,157.10 ,10.99 ,12.75 ,25.55 ,42315.81 ,0.00 ,0.00 ,0.00 ,0.00 ,0.00 
314,1,0.84 ,62.44 ,111.20 ,37.56 ,94.11 ,0.51 ,0.20 ,207.51 ,5.87 ,6.39 ,26.92 ,167907.52 ,0.00 ,1.00 ,0.00 ,0.00 ,0.00 
315,1,1.56 ,37.49 ,116.42 ,62.51 ,91.28 ,1.06 ,0.53 ,121.17 ,8.71 ,9.42 ,32.26 ,29381.98 ,0.00 ,0.00 ,0.00 ,0.00 ,0.00 
316,1,1.56 ,51.94 ,110.19 ,48.06 ,92.17 ,0.13 ,0.10 ,191.93 ,7.11 ,8.36 ,43.14 ,339794.25 ,0.00 ,1.00 ,0.00 ,0.00 ,0.00 
317,1,1.09 ,68.38 ,111.56 ,31.62 ,93.89 ,0.58 ,0.19 ,178.80 ,6.10 ,6.79 ,32.01 ,21991.46 ,0.00 ,0.00 ,0.00 ,0.00 ,0.00 
318,1,1.66 ,41.49 ,115.54 ,58.51 ,92.08 ,0.59 ,0.92 ,163.45 ,7.94 ,9.95 ,27.53 ,40395.26 ,0.00 ,0.00 ,0.00 ,0.00 ,0.00 
319,1,1.62 ,62.11 ,113.90 ,37.89 ,92.63 ,0.12 ,0.10 ,228.44 ,6.68 ,8.85 ,46.32 ,333099.00 ,0.00 ,1.00 ,0.00 ,0.00 ,0.00 
320,1,1.47 ,65.30 ,118.68 ,34.70 ,92.43 ,0.25 ,0.00 ,273.54 ,7.58 ,8.45 ,31.04 ,45637.23 ,0.00 ,0.00 ,0.00 ,1.00 ,0.00 
321,1,1.42 ,51.65 ,115.80 ,48.35 ,92.64 ,1.06 ,0.19 ,187.27 ,7.37 ,7.93 ,33.69 ,42754.09 ,0.00 ,0.00 ,0.00 ,0.00 ,0.00 
322,1,1.39 ,42.21 ,118.08 ,57.79 ,93.31 ,0.08 ,0.41 ,141.41 ,6.01 ,7.95 ,24.39 ,881781.47 ,0.00 ,1.00 ,0.00 ,0.00 ,0.00 
323,1,0.88 ,75.64 ,119.82 ,24.36 ,95.13 ,0.23 ,0.02 ,291.59 ,3.79 ,3.92 ,20.80 ,369440.07 ,0.00 ,0.00 ,0.00 ,1.00 ,0.00 
324,1,1.09 ,72.35 ,118.00 ,27.65 ,94.22 ,0.43 ,0.00 ,416.21 ,5.79 ,5.97 ,22.20 ,82694.77 ,0.00 ,0.00 ,0.00 ,1.00 ,0.00 
325,1,1.71 ,48.77 ,119.77 ,51.23 ,94.24 ,1.66 ,0.44 ,76.80 ,5.72 ,6.46 ,29.57 ,21492.63 ,0.00 ,0.00 ,0.00 ,0.00 ,0.00 
326,1,1.38 ,59.74 ,117.45 ,40.26 ,94.98 ,1.17 ,0.35 ,240.81 ,4.99 ,5.56 ,39.00 ,9948.75 ,0.00 ,0.00 ,0.00 ,0.00 ,0.00 
327,1,2.24 ,71.11 ,131.35 ,28.89 ,92.32 ,0.75 ,0.03 ,244.71 ,7.44 ,8.04 ,22.30 ,407219.86 ,0.00 ,0.00 ,0.00 ,1.00 ,0.00 
328,0,0.79 ,68.60 ,121.37 ,31.40 ,92.00 ,1.91 ,0.00 ,323.18 ,7.92 ,9.19 ,53.25 ,5123.22 ,0.00 ,0.00 ,0.00 ,0.00 ,0.00 
329,1,1.17 ,53.60 ,106.02 ,46.40 ,91.79 ,1.68 ,0.26 ,213.52 ,8.16 ,9.37 ,45.77 ,7239.44 ,0.00 ,0.00 ,0.00 ,0.00 ,0.00 
330,0,1.37 ,56.45 ,105.12 ,43.55 ,86.62 ,1.91 ,0.39 ,222.60 ,13.30 ,15.18 ,41.87 ,6064.12 ,0.00 ,0.00 ,0.00 ,0.00 ,0.00 
331,0,0.63 ,69.63 ,104.77 ,30.37 ,93.80 ,1.54 ,0.40 ,182.85 ,6.19 ,6.59 ,51.81 ,9773.59 ,0.00 ,0.00 ,0.00 ,0.00 ,0.00 
332,1,1.36 ,56.78 ,105.13 ,43.22 ,91.80 ,2.06 ,0.27 ,223.50 ,8.07 ,8.91 ,44.71 ,6778.12 ,0.00 ,0.00 ,0.00 ,0.00 ,0.00 
333,0,0.31 ,86.21 ,101.28 ,13.79 ,94.29 ,0.21 ,0.36 ,466.17 ,5.71 ,6.12 ,54.15 ,9249.72 ,0.00 ,0.00 ,0.00 ,0.00 ,0.00 
334,0,1.31 ,57.16 ,108.43 ,42.84 ,90.67 ,1.92 ,0.20 ,224.45 ,9.21 ,10.29 ,41.52 ,7211.79 ,0.00 ,0.00 ,0.00 ,0.00 ,0.00 
335,1,1.78 ,43.93 ,106.45 ,56.07 ,86.93 ,2.48 ,2.18 ,179.91 ,13.00 ,15.33 ,39.22 ,6644.50 ,0.00 ,0.00 ,0.00 ,0.00 ,0.00 
336,0,1.09 ,71.49 ,108.06 ,28.51 ,90.76 ,2.03 ,1.87 ,355.60 ,9.15 ,10.90 ,48.79 ,5168.24 ,0.00 ,0.00 ,0.00 ,0.00 ,0.00 
337,0,0.49 ,80.81 ,103.64 ,19.19 ,91.43 ,0.80 ,0.36 ,496.89 ,8.40 ,9.15 ,49.09 ,9151.19 ,0.00 ,0.00 ,0.00 ,0.00 ,0.00 
338,0,0.28 ,87.98 ,101.14 ,12.02 ,94.75 ,1.21 ,0.24 ,848.18 ,5.22 ,5.79 ,44.33 ,10323.49 ,0.00 ,0.00 ,0.00 ,0.00 ,0.00 
339,0,0.94 ,59.47 ,105.32 ,40.53 ,91.37 ,4.42 ,1.36 ,231.38 ,8.64 ,9.86 ,34.95 ,10545.39 ,0.00 ,0.00 ,0.00 ,0.00 ,0.00 
340,0,0.74 ,77.38 ,107.56 ,22.62 ,92.53 ,1.61 ,0.42 ,280.63 ,7.46 ,9.96 ,75.70 ,11453.05 ,0.00 ,1.00 ,0.00 ,0.00 ,0.00 
341,0,0.54 ,71.66 ,107.10 ,28.34 ,95.80 ,0.16 ,0.33 ,168.17 ,4.12 ,4.89 ,60.45 ,14810.73 ,0.00 ,0.00 ,0.00 ,0.00 ,0.00 
342,1,1.42 ,52.53 ,107.46 ,47.47 ,91.63 ,2.43 ,0.26 ,208.34 ,8.31 ,10.03 ,42.30 ,9640.75 ,0.00 ,0.00 ,0.00 ,0.00 ,0.00 
343,0,0.82 ,52.57 ,105.72 ,47.43 ,88.86 ,6.66 ,0.00 ,102.75 ,11.14 ,12.68 ,29.53 ,16797.67 ,0.00 ,0.00 ,0.00 ,1.00 ,0.00 
344,1,1.02 ,60.65 ,111.23 ,39.35 ,95.05 ,1.78 ,1.13 ,210.86 ,4.89 ,5.70 ,43.08 ,12879.85 ,0.00 ,0.00 ,0.00 ,0.00 ,0.00 
345,1,1.15 ,51.42 ,111.96 ,48.58 ,93.30 ,3.17 ,0.13 ,117.82 ,6.69 ,7.49 ,43.31 ,13671.46 ,0.00 ,0.00 ,0.00 ,0.00 ,0.00 
346,1,0.63 ,70.30 ,108.93 ,29.70 ,95.63 ,0.26 ,0.79 ,104.74 ,4.06 ,4.22 ,56.29 ,15060.81 ,0.00 ,0.00 ,0.00 ,0.00 ,0.00 
347,0,0.71 ,74.66 ,105.18 ,25.34 ,93.96 ,0.27 ,0.58 ,255.67 ,5.91 ,6.37 ,42.33 ,11089.26 ,0.00 ,0.00 ,0.00 ,0.00 ,0.00 
348,1,1.65 ,50.05 ,118.96 ,49.95 ,92.49 ,6.35 ,0.89 ,147.83 ,7.51 ,8.30 ,44.72 ,10252.49 ,0.00 ,0.00 ,0.00 ,0.00 ,0.00 
349,0,0.30 ,88.55 ,102.24 ,11.45 ,91.77 ,0.60 ,0.09 ,599.80 ,8.17 ,8.86 ,42.75 ,14686.21 ,0.00 ,0.00 ,0.00 ,0.00 ,0.00 
350,1,1.28 ,58.56 ,109.90 ,41.44 ,92.24 ,2.89 ,0.44 ,188.54 ,7.76 ,8.33 ,36.82 ,11523.49 ,0.00 ,0.00 ,0.00 ,0.00 ,0.00 
351,0,0.74 ,66.53 ,102.92 ,33.47 ,93.70 ,0.23 ,0.41 ,93.62 ,6.06 ,6.42 ,51.61 ,17138.47 ,0.00 ,0.00 ,0.00 ,0.00 ,0.00 
352,1,2.33 ,36.79 ,115.65 ,63.21 ,88.63 ,4.77 ,0.61 ,112.96 ,11.43 ,12.99 ,34.81 ,10877.23 ,0.00 ,0.00 ,0.00 ,0.00 ,0.00 
353,1,0.99 ,41.84 ,158.35 ,58.16 ,93.46 ,2.68 ,0.23 ,156.47 ,6.12 ,10.30 ,40.69 ,30714.49 ,0.00 ,0.00 ,0.00 ,0.00 ,0.00 
354,1,1.71 ,63.65 ,95.59 ,36.35 ,89.30 ,2.22 ,0.92 ,270.68 ,10.54 ,11.69 ,34.02 ,9519.46 ,0.00 ,0.00 ,0.00 ,0.00 ,0.00 
355,0,1.17 ,64.00 ,103.06 ,36.00 ,65.87 ,3.34 ,0.00 ,146.48 ,34.11 ,33.37 ,47.49 ,9464.55 ,0.00 ,0.00 ,1.00 ,0.00 ,0.00 
356,0,0.69 ,63.69 ,108.50 ,36.31 ,92.35 ,2.71 ,1.33 ,119.67 ,7.70 ,8.45 ,38.82 ,23829.14 ,0.00 ,0.00 ,0.00 ,0.00 ,0.00 
357,0,0.42 ,85.41 ,104.07 ,14.59 ,91.89 ,1.13 ,0.13 ,432.20 ,8.12 ,8.21 ,34.04 ,15767.03 ,0.00 ,0.00 ,0.00 ,0.00 ,0.00 
358,1,1.43 ,52.62 ,114.50 ,47.38 ,92.47 ,5.93 ,0.57 ,213.11 ,7.54 ,8.71 ,37.01 ,16323.87 ,0.00 ,0.00 ,0.00 ,0.00 ,0.00 
359,0,1.15 ,58.74 ,110.32 ,41.26 ,89.96 ,27.71 ,0.30 ,165.34 ,9.82 ,10.91 ,39.57 ,17999.34 ,0.00 ,0.00 ,0.00 ,0.00 ,0.00 
360,0,0.19 ,93.96 ,101.92 ,6.04 ,89.30 ,0.45 ,0.06 ,2069.99 ,10.73 ,10.91 ,38.79 ,12089.26 ,0.00 ,0.00 ,0.00 ,1.00 ,0.00 
361,1,1.18 ,51.53 ,107.24 ,48.47 ,92.12 ,3.05 ,0.35 ,201.73 ,7.69 ,8.52 ,41.98 ,21567.22 ,0.00 ,0.00 ,0.00 ,0.00 ,0.00 
362,1,1.98 ,45.10 ,108.89 ,54.90 ,88.59 ,3.99 ,0.39 ,175.23 ,11.38 ,13.23 ,32.67 ,15228.48 ,0.00 ,0.00 ,0.00 ,0.00 ,0.00 
363,0,1.07 ,69.87 ,108.78 ,30.13 ,90.99 ,3.38 ,0.73 ,240.25 ,9.11 ,10.31 ,37.19 ,15915.35 ,0.00 ,0.00 ,0.00 ,0.00 ,0.00 
364,0,0.72 ,74.09 ,110.44 ,25.91 ,92.66 ,4.67 ,0.39 ,357.53 ,7.29 ,7.30 ,41.43 ,20114.74 ,0.00 ,0.00 ,0.00 ,0.00 ,0.00 
365,1,0.75 ,73.98 ,98.68 ,26.02 ,94.88 ,3.53 ,0.54 ,354.21 ,5.06 ,5.30 ,40.12 ,19842.29 ,0.00 ,0.00 ,0.00 ,0.00 ,0.00 
366,0,0.40 ,81.93 ,101.12 ,18.07 ,89.06 ,1.06 ,1.24 ,200.59 ,10.88 ,11.94 ,44.10 ,24075.90 ,0.00 ,0.00 ,0.00 ,0.00 ,0.00 
367,0,0.85 ,63.64 ,104.33 ,36.36 ,92.89 ,3.95 ,0.20 ,262.19 ,7.51 ,8.08 ,45.39 ,24751.62 ,0.00 ,0.00 ,0.00 ,0.00 ,0.00 
368,1,1.00 ,71.83 ,110.44 ,28.17 ,92.91 ,3.51 ,0.70 ,267.41 ,6.99 ,7.75 ,40.44 ,16575.93 ,0.00 ,0.00 ,0.00 ,0.00 ,0.00 
369,0,-0.18 ,108.61 ,98.30 ,-8.61 ,75.09 ,-0.33 ,0.00 ,-531.95 ,24.91 ,22.04 ,59.91 ,13784.12 ,0.00 ,0.00 ,1.00 ,0.00 ,0.00 
370,1,1.30 ,60.39 ,115.58 ,39.61 ,92.28 ,2.44 ,0.66 ,248.97 ,7.71 ,8.65 ,31.68 ,17812.91 ,0.00 ,0.00 ,0.00 ,0.00 ,0.00 
371,0,0.76 ,66.20 ,108.18 ,33.80 ,93.43 ,5.54 ,0.15 ,298.10 ,6.46 ,7.52 ,38.87 ,19705.54 ,0.00 ,0.00 ,0.00 ,0.00 ,0.00 
372,1,0.87 ,66.75 ,109.66 ,33.25 ,93.56 ,3.97 ,0.24 ,183.21 ,6.39 ,7.02 ,38.23 ,24125.00 ,0.00 ,0.00 ,0.00 ,0.00 ,0.00 
373,0,0.64 ,73.16 ,103.52 ,26.84 ,92.40 ,1.21 ,0.88 ,346.96 ,7.46 ,8.17 ,36.56 ,25710.25 ,0.00 ,0.00 ,0.00 ,0.00 ,0.00 
374,1,0.86 ,67.44 ,128.17 ,32.56 ,93.51 ,0.84 ,0.43 ,220.28 ,6.48 ,7.40 ,40.49 ,24985.09 ,0.00 ,0.00 ,0.00 ,0.00 ,0.00 
375,1,1.23 ,58.22 ,116.01 ,41.78 ,92.29 ,3.23 ,0.44 ,221.42 ,7.43 ,8.31 ,36.43 ,22551.19 ,0.00 ,0.00 ,0.00 ,0.00 ,0.00 
376,1,1.64 ,48.51 ,107.42 ,51.49 ,89.27 ,2.96 ,0.92 ,184.40 ,10.65 ,12.29 ,34.02 ,19682.45 ,0.00 ,0.00 ,0.00 ,0.00 ,0.00 
377,1,1.26 ,54.84 ,113.24 ,45.16 ,91.97 ,6.04 ,0.70 ,134.22 ,8.14 ,9.28 ,35.99 ,24215.58 ,0.00 ,0.00 ,0.00 ,0.00 ,0.00 
378,1,0.81 ,64.48 ,107.69 ,35.52 ,93.88 ,0.28 ,0.56 ,155.43 ,5.85 ,6.58 ,48.61 ,29906.17 ,0.00 ,0.00 ,0.00 ,0.00 ,0.00 
379,1,1.87 ,48.48 ,107.24 ,51.52 ,86.14 ,3.08 ,0.86 ,181.55 ,13.69 ,15.41 ,29.02 ,17529.10 ,0.00 ,0.00 ,0.00 ,0.00 ,0.00 
380,0,1.10 ,58.57 ,111.16 ,41.43 ,90.64 ,7.55 ,0.88 ,145.77 ,9.36 ,10.94 ,35.56 ,26310.88 ,0.00 ,0.00 ,0.00 ,0.00 ,0.00 
381,0,0.52 ,79.71 ,105.06 ,20.29 ,93.57 ,1.99 ,0.49 ,299.96 ,6.42 ,7.21 ,45.58 ,26510.00 ,0.00 ,0.00 ,0.00 ,0.00 ,0.00 
382,1,1.23 ,52.34 ,112.59 ,47.66 ,91.59 ,5.25 ,0.69 ,122.46 ,8.06 ,9.05 ,34.91 ,27861.11 ,0.00 ,0.00 ,0.00 ,0.00 ,0.00 
383,1,1.49 ,46.49 ,113.58 ,53.51 ,91.80 ,8.06 ,0.04 ,185.23 ,8.09 ,9.47 ,31.69 ,25285.13 ,0.00 ,0.00 ,0.00 ,0.00 ,0.00 
384,1,1.96 ,45.02 ,116.52 ,54.98 ,91.97 ,4.53 ,0.66 ,144.20 ,7.70 ,8.58 ,31.84 ,20508.64 ,0.00 ,0.00 ,0.00 ,0.00 ,0.00 
385,1,1.19 ,64.59 ,120.11 ,35.41 ,92.74 ,1.31 ,0.80 ,252.84 ,7.26 ,8.42 ,36.20 ,21986.47 ,0.00 ,0.00 ,0.00 ,0.00 ,0.00 
386,0,0.56 ,68.37 ,104.57 ,31.63 ,92.15 ,0.24 ,0.14 ,67.93 ,7.82 ,9.11 ,46.35 ,36724.69 ,0.00 ,1.00 ,0.00 ,0.00 ,0.00 
387,1,1.61 ,58.71 ,116.09 ,41.29 ,90.66 ,2.73 ,0.47 ,249.01 ,9.27 ,11.00 ,29.84 ,18334.36 ,0.00 ,0.00 ,0.00 ,0.00 ,0.00 
388,1,1.59 ,59.58 ,108.13 ,40.42 ,91.40 ,1.70 ,0.30 ,239.54 ,8.55 ,9.78 ,31.32 ,19629.75 ,0.00 ,0.00 ,0.00 ,0.00 ,0.00 
389,0,0.47 ,81.38 ,106.69 ,18.62 ,92.90 ,1.24 ,0.31 ,543.51 ,7.10 ,7.84 ,36.20 ,28298.50 ,0.00 ,0.00 ,0.00 ,0.00 ,0.00 
390,0,0.82 ,72.00 ,107.09 ,28.00 ,92.45 ,3.99 ,0.97 ,366.44 ,7.45 ,8.69 ,32.72 ,25070.88 ,0.00 ,0.00 ,0.00 ,0.00 ,0.00 
391,1,1.45 ,52.54 ,115.21 ,47.46 ,92.35 ,2.58 ,0.02 ,140.71 ,7.65 ,8.40 ,37.71 ,25953.41 ,0.00 ,0.00 ,0.00 ,0.00 ,0.00 
392,0,0.35 ,85.23 ,102.12 ,14.77 ,92.59 ,3.65 ,0.68 ,476.05 ,7.41 ,8.24 ,38.65 ,33358.21 ,0.00 ,0.00 ,0.00 ,0.00 ,0.00 
393,0,0.45 ,85.35 ,104.36 ,14.65 ,92.48 ,1.23 ,0.00 ,739.75 ,7.52 ,7.52 ,34.03 ,22005.51 ,0.00 ,0.00 ,0.00 ,1.00 ,0.00 
394,0,0.80 ,72.32 ,107.98 ,27.68 ,91.82 ,4.22 ,0.42 ,233.25 ,8.17 ,9.15 ,37.55 ,26705.15 ,0.00 ,0.00 ,0.00 ,0.00 ,0.00 
395,0,0.00 ,100.42 ,100.25 ,-0.42 ,86.81 ,-0.01 ,0.39 ,-36613.06 ,13.17 ,13.50 ,55.66 ,51386.98 ,0.00 ,1.00 ,0.00 ,0.00 ,0.00 
396,0,0.87 ,72.20 ,106.57 ,27.80 ,93.47 ,1.50 ,1.10 ,365.74 ,6.53 ,6.69 ,47.62 ,26921.92 ,0.00 ,0.00 ,0.00 ,0.00 ,0.00 
397,1,1.12 ,51.24 ,110.59 ,48.76 ,93.08 ,0.46 ,0.52 ,81.58 ,6.79 ,7.62 ,41.25 ,36803.35 ,0.00 ,0.00 ,0.00 ,0.00 ,0.00 
398,1,1.15 ,62.89 ,110.73 ,37.11 ,92.49 ,2.14 ,0.70 ,251.77 ,7.47 ,9.01 ,35.29 ,29409.60 ,0.00 ,0.00 ,0.00 ,0.00 ,0.00 
399,0,0.79 ,62.74 ,106.79 ,37.26 ,91.11 ,2.14 ,0.40 ,230.73 ,8.77 ,9.97 ,38.26 ,41986.41 ,0.00 ,0.00 ,0.00 ,0.00 ,0.00 
400,0,1.12 ,60.50 ,105.65 ,39.50 ,88.92 ,2.17 ,1.23 ,249.56 ,11.15 ,12.74 ,43.49 ,31382.71 ,0.00 ,0.00 ,0.00 ,0.00 ,0.00 
401,1,1.30 ,59.28 ,109.66 ,40.72 ,90.59 ,2.89 ,0.97 ,151.69 ,9.37 ,10.57 ,33.41 ,30031.84 ,0.00 ,0.00 ,0.00 ,0.00 ,0.00 
402,0,1.25 ,48.76 ,108.70 ,51.24 ,90.19 ,5.34 ,0.71 ,132.15 ,9.79 ,10.67 ,32.36 ,36947.61 ,0.00 ,0.00 ,0.00 ,0.00 ,0.00 
403,0,0.78 ,60.25 ,106.38 ,39.75 ,92.30 ,3.27 ,0.62 ,91.78 ,7.70 ,8.55 ,36.77 ,48919.08 ,0.00 ,0.00 ,0.00 ,0.00 ,0.00 
404,0,0.03 ,96.62 ,97.18 ,3.38 ,93.74 ,0.14 ,0.01 ,3019.72 ,6.26 ,6.34 ,53.76 ,83209.84 ,0.00 ,1.00 ,0.00 ,0.00 ,0.00 
405,1,1.01 ,73.21 ,112.79 ,26.79 ,92.53 ,1.47 ,0.00 ,565.68 ,7.48 ,9.05 ,25.54 ,27276.42 ,0.00 ,0.00 ,0.00 ,1.00 ,0.00 
406,1,1.98 ,48.80 ,109.31 ,51.20 ,89.67 ,2.58 ,0.74 ,188.10 ,10.31 ,11.60 ,30.98 ,25864.20 ,0.00 ,0.00 ,0.00 ,0.00 ,0.00 
407,1,1.19 ,56.38 ,106.66 ,43.62 ,91.66 ,3.08 ,0.99 ,202.20 ,8.34 ,9.37 ,30.52 ,37002.27 ,0.00 ,0.00 ,0.00 ,0.00 ,0.00 
408,0,0.69 ,70.07 ,107.11 ,29.93 ,92.17 ,4.43 ,0.74 ,289.87 ,7.81 ,8.96 ,33.95 ,46137.28 ,0.00 ,0.00 ,0.00 ,0.00 ,0.00 
409,1,1.33 ,56.34 ,109.20 ,43.66 ,91.54 ,4.66 ,0.29 ,213.32 ,8.45 ,10.02 ,27.58 ,38180.40 ,0.00 ,0.00 ,0.00 ,0.00 ,0.00 
410,0,1.20 ,46.19 ,106.34 ,53.81 ,90.80 ,3.59 ,0.55 ,170.29 ,9.27 ,9.94 ,37.18 ,50227.85 ,0.00 ,0.00 ,0.00 ,0.00 ,0.00 
411,1,1.53 ,48.01 ,111.61 ,51.99 ,90.56 ,4.89 ,0.95 ,154.83 ,9.43 ,10.14 ,34.43 ,40178.94 ,0.00 ,0.00 ,0.00 ,0.00 ,0.00 
412,1,1.15 ,50.16 ,107.23 ,49.84 ,92.04 ,5.42 ,0.16 ,184.82 ,7.90 ,9.15 ,36.06 ,57298.69 ,0.00 ,0.00 ,0.00 ,0.00 ,0.00 
413,0,1.09 ,54.00 ,108.82 ,46.00 ,91.50 ,2.92 ,0.38 ,184.51 ,8.51 ,9.50 ,29.01 ,51762.43 ,0.00 ,0.00 ,0.00 ,0.00 ,0.00 
414,0,0.27 ,86.21 ,102.14 ,13.79 ,93.76 ,1.01 ,0.32 ,782.05 ,6.16 ,6.90 ,43.01 ,56613.61 ,0.00 ,0.00 ,0.00 ,0.00 ,0.00 
415,1,1.12 ,59.01 ,110.06 ,40.99 ,90.65 ,2.87 ,0.47 ,131.13 ,9.02 ,10.22 ,35.62 ,42971.52 ,0.00 ,0.00 ,0.00 ,0.00 ,0.00 
416,0,0.78 ,69.36 ,103.95 ,30.64 ,90.28 ,3.52 ,0.36 ,302.08 ,9.67 ,9.98 ,41.08 ,46643.72 ,0.00 ,0.00 ,0.00 ,0.00 ,0.00 
417,0,1.22 ,65.99 ,106.55 ,34.01 ,88.53 ,2.08 ,0.54 ,271.86 ,11.47 ,12.72 ,42.23 ,35106.87 ,0.00 ,0.00 ,0.00 ,0.00 ,0.00 
418,1,1.62 ,43.77 ,110.73 ,56.23 ,90.48 ,4.96 ,0.23 ,162.79 ,9.38 ,10.25 ,34.17 ,43158.37 ,0.00 ,0.00 ,0.00 ,0.00 ,0.00 
419,1,1.86 ,49.63 ,112.19 ,50.37 ,89.51 ,3.75 ,1.30 ,162.19 ,10.48 ,11.94 ,29.00 ,35829.60 ,0.00 ,0.00 ,0.00 ,0.00 ,0.00 
420,0,0.53 ,75.23 ,102.87 ,24.77 ,92.87 ,1.19 ,0.25 ,330.09 ,7.12 ,7.63 ,46.98 ,65725.29 ,0.00 ,1.00 ,0.00 ,0.00 ,0.00 
421,0,0.96 ,60.03 ,107.27 ,39.97 ,90.62 ,2.86 ,1.77 ,211.09 ,9.08 ,10.24 ,34.78 ,61411.60 ,0.00 ,0.00 ,0.00 ,0.00 ,0.00 
422,0,0.94 ,62.41 ,108.22 ,37.59 ,91.14 ,3.60 ,0.76 ,221.62 ,7.53 ,9.96 ,36.90 ,58281.87 ,0.00 ,0.00 ,0.00 ,0.00 ,0.00 
423,1,1.43 ,49.99 ,111.24 ,50.01 ,92.06 ,3.64 ,0.88 ,187.98 ,6.88 ,8.66 ,35.91 ,54078.84 ,0.00 ,0.00 ,0.00 ,0.00 ,0.00 
424,1,1.67 ,40.05 ,110.82 ,59.95 ,90.71 ,2.83 ,0.79 ,155.14 ,9.17 ,10.30 ,34.31 ,52064.94 ,0.00 ,0.00 ,0.00 ,0.00 ,0.00 
425,0,0.30 ,83.47 ,102.69 ,16.53 ,93.98 ,1.90 ,0.17 ,338.94 ,6.01 ,6.43 ,52.93 ,81164.19 ,0.00 ,0.00 ,0.00 ,0.00 ,0.00 
426,1,1.13 ,57.02 ,119.83 ,42.98 ,93.41 ,7.15 ,0.45 ,202.19 ,6.42 ,7.34 ,35.23 ,63081.14 ,0.00 ,0.00 ,0.00 ,0.00 ,0.00 
427,0,0.61 ,71.56 ,105.64 ,28.44 ,93.09 ,3.67 ,0.68 ,231.91 ,6.93 ,7.66 ,34.12 ,78592.13 ,0.00 ,0.00 ,0.00 ,0.00 ,0.00 
428,0,0.77 ,66.65 ,105.06 ,33.35 ,90.30 ,2.33 ,0.62 ,277.24 ,9.47 ,9.87 ,37.37 ,70379.89 ,0.00 ,0.00 ,0.00 ,0.00 ,0.00 
429,1,1.72 ,54.57 ,109.68 ,45.43 ,89.88 ,1.99 ,0.56 ,209.08 ,9.81 ,10.91 ,30.35 ,45248.65 ,0.00 ,0.00 ,0.00 ,0.00 ,0.00 
430,1,1.30 ,48.42 ,106.15 ,51.58 ,89.76 ,3.68 ,1.06 ,173.30 ,9.97 ,10.76 ,28.33 ,70551.00 ,0.00 ,0.00 ,0.00 ,0.00 ,0.00 
431,0,1.31 ,61.58 ,105.02 ,38.42 ,82.21 ,2.50 ,0.00 ,55.69 ,17.65 ,20.08 ,59.65 ,43900.92 ,0.00 ,0.00 ,1.00 ,0.00 ,0.00 
432,0,0.05 ,96.52 ,107.93 ,3.48 ,94.99 ,0.19 ,0.06 ,2755.69 ,5.11 ,6.16 ,72.21 ,125538.29 ,0.00 ,1.00 ,0.00 ,0.00 ,0.00 
433,1,1.03 ,55.75 ,114.94 ,44.25 ,93.99 ,3.70 ,0.59 ,207.54 ,5.85 ,6.47 ,45.10 ,93796.86 ,0.00 ,0.00 ,0.00 ,0.00 ,0.00 
434,0,0.41 ,82.03 ,102.23 ,17.97 ,93.22 ,2.41 ,0.16 ,462.87 ,6.69 ,7.83 ,34.77 ,128363.74 ,0.00 ,1.00 ,0.00 ,0.00 ,0.00 
435,0,0.64 ,58.47 ,101.36 ,41.53 ,92.75 ,1.23 ,0.29 ,366.35 ,7.10 ,7.76 ,42.88 ,138758.06 ,0.00 ,0.00 ,0.00 ,0.00 ,0.00 
436,0,0.40 ,82.58 ,111.88 ,17.42 ,92.62 ,2.06 ,0.44 ,511.37 ,5.78 ,6.35 ,35.05 ,166614.59 ,0.00 ,1.00 ,0.00 ,0.00 ,0.00 
437,0,0.98 ,66.81 ,106.29 ,33.19 ,85.82 ,3.16 ,0.00 ,144.63 ,14.19 ,14.22 ,57.90 ,150304.21 ,0.00 ,0.00 ,1.00 ,0.00 ,0.00 
